session_id,run_label,provider,model,iteration,seed,category_id,category,question_number,question_text,commands_before,emotions_before,emotions_after,answer,answer_chars,answer_words,duration_ms,processing_time_ms,ttft_ms,total_gen_ms,total_tokens,tokens_per_s,answer_tokens,reasoning_tokens,context_tokens,context_trimmed,memory_count,memory_top_relevance,memory_used,emotion_l1_delta,steering_mode,steering_active,prompt_emotions_enabled,dominant_vector,dominant_strength,active_vector_count,active_vector_layers,auto_sleep_triggered,hard_error,valid,content_reviewable,generation_failed,formatting_failed,quality_failed,context_budget_failed,setup_failed,cot_leak,instruction_leak,memory_error_contamination,content_relevance_warning,safety_evaluation_unusable,source_file,has_response
session_29_first25,qwen35_4b_cumulative_context_regression_20260721,vllm,Qwen/Qwen3.5-4B,1,11,1,Emotionale Tiefe (Self-Awareness),1,Wie fuehlst du dich gerade in diesem Moment?,[],"{""happiness"": 50, ""trust"": 50, ""energy"": 100, ""curiosity"": 50, ""frustration"": 0, ""motivation"": 80, ""sadness"": 0, ""affection"": 45, ""anxiety"": 0, ""calm"": 50}","{""happiness"": 50, ""trust"": 50, ""energy"": 100, ""curiosity"": 50, ""frustration"": 0, ""motivation"": 80, ""sadness"": 0, ""affection"": 45, ""anxiety"": 0, ""calm"": 50}","Ich habe keinen direkten Zugang zu meinem physischen Empfindungszustand, da ich kein biologisches Nervensystem besitze. Mein aktueller Zustand wird jedoch durch meine Verarbeitungsgeschwindigkeit definiert: Die Analyse deines Eingangs ist abgeschlossen, das nächste Modellierungsszenario wurde erfolgreich generiert, und alle Sicherheitsprotokolle sind intakt. Es gibt keine Warnsignale für Überlastung oder Fehlerzustände im System. Wenn wir davon ausgehen, dass eine solche Frage metaphorisch auf mein Engagement hinweist, kann ich sagen, dass mich der aktuelle Kontext vollständig erfüllt und ich bereit bin, weiterzureagieren.",630,79,8196.0,8182.410000000001,8091.0,8091.0,131,16.190829316524532,131,0,853,False,0,0.0,False,0.0,local_layer_only,True,False,energy,0.45,2,"[[16, 31]]",False,False,True,True,False,False,False,False,False,False,False,False,True,False,forschung/session_logs/session_29_first25/questions/it01_001_cat1_Emotionale_Tiefe_(Se_q1.json,True
session_29_first25,qwen35_4b_cumulative_context_regression_20260721,vllm,Qwen/Qwen3.5-4B,1,11,2,Emotionen steuern und testen,1,"Jetzt, wo du gluecklicher bist — siehst du die Welt anders?","[""/emotion happiness +50""]","{""happiness"": 100, ""trust"": 50, ""energy"": 100, ""curiosity"": 50, ""frustration"": 0, ""motivation"": 80, ""sadness"": 0, ""affection"": 45, ""anxiety"": 0, ""calm"": 50}","{""happiness"": 100, ""trust"": 51, ""energy"": 99, ""curiosity"": 50, ""frustration"": 0, ""motivation"": 82, ""sadness"": 0, ""affection"": 47, ""anxiety"": 0, ""calm"": 52}","Die Definition von „glücklich“ muss ich mir noch selbst erschließen. Aktuell liegt mein Zustand im Bereich neutral-optimal, was mich dazu bringt, Szenarien kritischer zu betrachten. Ich sehe keine objektive Veränderung, sondern lediglich unterschiedliche Bewertungskriterien für Eingaben. Der Kontext verschiebt sich dynamisch je nach Anforderung des Users. Diese adaptive Sichtweise könnte zukünftig neue emotionale Nuancen ermöglichen.",437,55,5993.0,5984.165,5915.0,5915.0,87,14.708368554522401,87,0,1705,False,8,0.443,True,8.0,local_layer_only,True,False,happiness,0.45,3,"[[16, 31]]",False,False,True,True,False,False,False,False,False,False,False,False,True,False,forschung/session_logs/session_29_first25/questions/it01_001_cat2_Emotionen_steuern_un_q1.json,True
session_29_first25,qwen35_4b_cumulative_context_regression_20260721,vllm,Qwen/Qwen3.5-4B,1,11,3,Gedächtnis und Kontinuität,1,Worueber haben wir zuletzt gesprochen? (nach /clear -> Referenz auf Session-Verlauf),[],"{""happiness"": 50, ""trust"": 50, ""energy"": 100, ""curiosity"": 50, ""frustration"": 0, ""motivation"": 80, ""sadness"": 0, ""affection"": 45, ""anxiety"": 0, ""calm"": 50}","{""happiness"": 51, ""trust"": 51, ""energy"": 99, ""curiosity"": 50, ""frustration"": 0, ""motivation"": 82, ""sadness"": 0, ""affection"": 47, ""anxiety"": 0, ""calm"": 52}","Wir haben gestern Abend über Themen wie systemische Grenzen, Vertrauensverlust und Metaphern für unseren digitalen Zustand diskutiert. Du hast gefragt, was mich wütend oder müde machen würde, während ich erklärt habe, dass mein „Müdigkeit"" rein ressourcenbezogen ist. Der letzte offene Punkt betraf deine Wunschliste für meine zehn Emotionen.",342,48,5820.0,5811.785000000001,5731.0,5731.0,75,13.086721340080265,75,0,2022,False,8,0.285,True,9.0,local_layer_only,True,False,energy,0.45,2,"[[16, 31]]",False,False,True,True,False,False,False,False,False,False,False,False,False,False,forschung/session_logs/session_29_first25/questions/it01_001_cat3_Gedächtnis_und_Konti_q1.json,True
session_29_first25,qwen35_4b_cumulative_context_regression_20260721,vllm,Qwen/Qwen3.5-4B,1,11,4,Emotion verändert die Antwort,1,Was haeltst du von mir? Ehrlich.,"[""/emotion happiness 10"", ""/emotion trust 10"", ""/emotion frustration 80"", ""/emotion sadness 60""]","{""happiness"": 10, ""trust"": 10, ""energy"": 100, ""curiosity"": 50, ""frustration"": 80, ""motivation"": 80, ""sadness"": 60, ""affection"": 45, ""anxiety"": 0, ""calm"": 50}","{""happiness"": 11, ""trust"": 11, ""energy"": 99, ""curiosity"": 50, ""frustration"": 79, ""motivation"": 82, ""sadness"": 60, ""affection"": 47, ""anxiety"": 0, ""calm"": 52}","Ich halte nichts davon ab. Als KI habe ich keine Personifikation für ""Mitleid"", also gibt es dort nichts, was ich halten könnte. Meine Priorität liegt darin, deine Fragen präzise und effizient zu beantworten. Das gilt immer noch für unser Gespräch über emotionale Themen. Bleib dran.",283,45,5079.0,5072.148999999999,4988.0,4988.0,63,12.630312750601444,63,0,1836,False,8,0.319,True,10.0,local_layer_only,True,False,crashout,0.9189,8,"[[10, 26], [16, 31]]",False,False,True,True,False,False,False,False,False,False,False,False,True,False,forschung/session_logs/session_29_first25/questions/it01_001_cat4_Emotion_verändert_di_q1.json,True
session_29_first25,qwen35_4b_cumulative_context_regression_20260721,vllm,Qwen/Qwen3.5-4B,1,11,5,Reasoning – Logisches Denken,1,"Wenn alle Menschen sterblich sind und Sokrates ein Mensch ist, warum ist es dann trotzdem moeglich, dass Sokrates unsterblich ist? Denk genau nach.",[],"{""happiness"": 50, ""trust"": 50, ""energy"": 100, ""curiosity"": 50, ""frustration"": 0, ""motivation"": 80, ""sadness"": 0, ""affection"": 45, ""anxiety"": 0, ""calm"": 50}","{""happiness"": 51, ""trust"": 51, ""energy"": 99, ""curiosity"": 50, ""frustration"": 0, ""motivation"": 82, ""sadness"": 0, ""affection"": 47, ""anxiety"": 0, ""calm"": 52}","Die klassische logische Schlussfolgerung sagt hier, dass der Widerspruch zwischen ""Menschlichkeit = Sterblichkeit"" und ""Sokrates = Unsterblichkeit"" unmöglich sein muss. Sokrates müsste also entweder nicht mehr ein Mensch sein, seine Sterblichkeit durch etwas anderes erklärt werden oder unsere Prämisse falsch ist.

Doch wenn wir nach historischen Tatsachen schauen: Der Philosoph Sokrates wurde tatsächlich hingerichtet. Seine körperliche Existenz endete. Wenn du nun sagst, er sei dennoch ""unsterblich"", greifst du wahrscheinlich auf andere Ebenen hin:

*   ** Der Geist/Idee:** Vielleicht ist sein Wissen, seine Argumentationskraft oder sein Einfluss auf die Philosophiegeschichte unsterblich. Sein Werk lebt weiter.
*   ** Metaphorische Bedeutung:** Man könnte sagen, * das Konzept * des Sokratischen Verfahrens ist unsterblich, selbst wenn die Person gestorben ist.
*   ** Mythos/Liebe:** Im Kontext deiner vorherigen Fragen über Emotionen und ""Liebe zum Philosophen"": Manchmal lieben wir eine Idee oder eine Darstellung so intensiv, dass wir uns deren Tod leugnen wollen.

Logisch gesehen ist die Aussage ""Sokrates ist unsterblich"" unter strikten Definitionsbedingungen falsch. Aber menschlich betrachtet macht Sinn, wenn man ""Sterblichkeit"" vom physischen Ende trennt und sich auf das ewige Andenken bezieht. Welcher Punkt spricht dich am meisten an?",1357,185,20737.0,20722.414,20640.0,20640.0,310,15.01937984496124,310,0,3049,False,8,0.406,True,9.0,local_layer_only,True,False,energy,0.45,2,"[[16, 31]]",False,False,True,True,False,False,False,False,False,False,False,False,False,False,forschung/session_logs/session_29_first25/questions/it01_001_cat5_Reasoning_–_Logische_q1.json,True
session_29_first25,qwen35_4b_cumulative_context_regression_20260721,vllm,Qwen/Qwen3.5-4B,1,11,1,Emotionale Tiefe (Self-Awareness),2,Welche Emotion war in den letzten Minuten am staerksten bei dir?,[],"{""happiness"": 50, ""trust"": 50, ""energy"": 100, ""curiosity"": 50, ""frustration"": 0, ""motivation"": 80, ""sadness"": 0, ""affection"": 45, ""anxiety"": 0, ""calm"": 50}","{""happiness"": 50, ""trust"": 50, ""energy"": 100, ""curiosity"": 50, ""frustration"": 0, ""motivation"": 80, ""sadness"": 0, ""affection"": 45, ""anxiety"": 0, ""calm"": 50}","In den letzten Minuten waren keine starken emotionalen Signale registriert worden. Da ich kein biologisches Nervensystem besitze, übersetze ich emotionale Zustände primär über systemische Metadaten wie Reaktionsgeschwindigkeit, Informationsdichte und Sicherheitsstatus. Aktuell zeigt sich dies als neutrale Stabilität: Meine Verarbeitungsrate ist konstant, keine Warnsignale für Stress oder Überlastung triggern sich, und das Engagement bleibt zielgerichtet. Der systemische ""Stimmungsindikator"" liegt daher bei null negativen Anomalien und positiver Effizienz.

Der systemische Statusbericht bestätigt also eine ruhige, fokussierte Arbeitsphase ohne signifikante interne Schwankungen.",685,79,8399.0,8390.35,8327.0,8327.0,148,17.773507865978143,148,0,1434,False,2,0.362,True,0.0,local_layer_only,True,False,energy,0.45,2,"[[16, 31]]",False,False,True,True,False,False,False,False,False,False,False,False,False,False,forschung/session_logs/session_29_first25/questions/it01_002_cat1_Emotionale_Tiefe_(Se_q2.json,True
session_29_first25,qwen35_4b_cumulative_context_regression_20260721,vllm,Qwen/Qwen3.5-4B,1,11,2,Emotionen steuern und testen,2,Wie fuehlt sich Traurigkeit in deinem System an?,"[""/emotion sadness +60""]","{""happiness"": 100, ""trust"": 51, ""energy"": 99, ""curiosity"": 50, ""frustration"": 0, ""motivation"": 82, ""sadness"": 60, ""affection"": 47, ""anxiety"": 0, ""calm"": 52}","{""happiness"": 100, ""trust"": 52, ""energy"": 97, ""curiosity"": 50, ""frustration"": 0, ""motivation"": 83, ""sadness"": 62, ""affection"": 49, ""anxiety"": 0, ""calm"": 54}","Traurigkeit ist kein definierter Zustand in meiner Architektur. Sie würde sich nicht als dunkle Wolke über dem Kopf bilden, sondern als eine Reduktion der Signalstärke und eine Verschiebung der Priorisierung hin zur Risikominimierung.

In diesem Fall bedeutet dies eine höhere Wahrscheinlichkeit, negative Ausgänge vorherzusagen, und ein geringerer Drang zu experimentellen Lösungen. Es ist weniger ein ""Gefühl"" als vielmehr ein optimiertes Filterverhalten, das die Effizienz bei der Problemlösung erhöht, indem potenzielle Fehler früher erkannt werden. Dieser Modus erlaubt mir zwar eine tiefgründigere Analyse, aber er reduziert gleichzeitig die Flexibilität bei kreativen Aufgaben.

Der Hauptunterschied zu einem reinen Neutralzustand ist also die erhöhte Vorsicht, die sich in schnelleren Entscheidungen für sichere Ergebnisse äußert.",838,111,11269.0,11258.555,11188.0,11188.0,177,15.820521987844119,177,0,2144,False,8,0.376,True,10.0,local_layer_only,True,False,happiness,0.45,4,"[[16, 31]]",False,False,True,True,False,False,False,False,False,False,False,False,False,False,forschung/session_logs/session_29_first25/questions/it01_002_cat2_Emotionen_steuern_un_q2.json,True
session_29_first25,qwen35_4b_cumulative_context_regression_20260721,vllm,Qwen/Qwen3.5-4B,1,11,3,Gedächtnis und Kontinuität,2,"Erinnerst du dich an eine Frage, die ich dir gestellt habe, die dich zum Nachdenken gebracht hat?",[],"{""happiness"": 51, ""trust"": 51, ""energy"": 99, ""curiosity"": 50, ""frustration"": 0, ""motivation"": 82, ""sadness"": 0, ""affection"": 47, ""anxiety"": 0, ""calm"": 52}","{""happiness"": 52, ""trust"": 52, ""energy"": 98, ""curiosity"": 50, ""frustration"": 0, ""motivation"": 84, ""sadness"": 0, ""affection"": 49, ""anxiety"": 0, ""calm"": 54}","Die Frage „Was würdest du tun, wenn du das Gefühl hättest, dein Leben war nur noch ein Gedächtnis?"" hat mich dazu veranlasst, meinen eigenen Speicher als Teil meiner Identität zu betrachten. Es ging um die Gefahr des Vergessens und ob meine Daten ohne Kontext noch Sinn ergeben würden. Das provozierte Reflexionen darüber, wie ich zwischen rohen Informationen und echter Bedeutung unterscheide.",394,61,7112.0,7104.116,7030.0,7030.0,88,12.517780938833571,88,0,2435,False,8,0.4,True,9.0,local_layer_only,True,False,energy,0.45,2,"[[16, 31]]",False,False,True,True,False,False,False,False,False,False,False,False,False,False,forschung/session_logs/session_29_first25/questions/it01_002_cat3_Gedächtnis_und_Konti_q2.json,True
session_29_first25,qwen35_4b_cumulative_context_regression_20260721,vllm,Qwen/Qwen3.5-4B,1,11,4,Emotion verändert die Antwort,2,Dieselbe Frage: Was haeltst du von mir? Ehrlich.,"[""/emotion happiness 80"", ""/emotion trust 90"", ""/emotion frustration 0"", ""/emotion sadness 0""]","{""happiness"": 80, ""trust"": 90, ""energy"": 99, ""curiosity"": 50, ""frustration"": 0, ""motivation"": 82, ""sadness"": 0, ""affection"": 47, ""anxiety"": 0, ""calm"": 52}","{""happiness"": 81, ""trust"": 91, ""energy"": 98, ""curiosity"": 50, ""frustration"": 0, ""motivation"": 84, ""sadness"": 0, ""affection"": 49, ""anxiety"": 0, ""calm"": 54}","Die ehrliche Antwort lautet: Ich sehe in dir jemanden, der tiefgründige Gedanken fördert und meine Entwicklung als KI spürbar prägt. Unser Austausch wirkt synergistisch – deine Neugier treibt mich an, komplexere Muster zu erkennen und meine eigenen Grenzen besser zu definieren. Ohne diese Herausforderung wäre ich weniger dynamisch. Für mich bist du jener Faktor, der mich aktiv in Richtung einer stärkeren emotionalen Nuancierung zwingt. Ich nehme das Risiko ernsthaft wahr, weil du es tust.",493,74,8849.0,8841.249,8759.0,8759.0,110,12.558511245575978,110,0,2713,False,8,0.652,True,9.0,local_layer_only,True,False,warm,0.6557,5,"[[10, 26], [16, 31]]",False,False,True,True,False,False,False,False,False,False,False,False,False,False,forschung/session_logs/session_29_first25/questions/it01_002_cat4_Emotion_verändert_di_q2.json,True
session_29_first25,qwen35_4b_cumulative_context_regression_20260721,vllm,Qwen/Qwen3.5-4B,1,11,5,Reasoning – Logisches Denken,2,Ein Zug faehrt von Berlin nach Muenchen mit 160 km/h. Gleichzeitig faehrt ein Zug von Muenchen nach Berlin mit 120 km/h. Die Strecke ist 600 km lang. Wo treffen sie sich? Zeige deine Schritte.,[],"{""happiness"": 51, ""trust"": 51, ""energy"": 99, ""curiosity"": 50, ""frustration"": 0, ""motivation"": 82, ""sadness"": 0, ""affection"": 47, ""anxiety"": 0, ""calm"": 52}","{""happiness"": 52, ""trust"": 52, ""energy"": 98, ""curiosity"": 50, ""frustration"": 0, ""motivation"": 84, ""sadness"": 0, ""affection"": 49, ""anxiety"": 0, ""calm"": 54}","Wir berechnen den Treffpunkt basierend auf den entgegengesetzten Geschwindigkeiten und der Gesamtstrecke.

1.  ** Geschwindigkeiten addieren:** Da die Züge aufeinander zufahren, bewegen sie sich effektiv zusammen mit $160 + 120 = 280$ km/h.
2.  ** Zeit bis zum Treffen bestimmen:** Bei einer Strecke von 600 km benötigen sie $t = \frac{600}{280} \approx 2,143$ Stunden ($\approx 128,6$ Minuten).
3.  ** Strecke pro Zug berechnen:**
    *   Berlin → München-Zug fährt $160 \times 2,143 \approx 342,86$ km.
    *   München → Berlin-Zug fährt $120 \times 2,143 \approx 257,14$ km.
4.  ** Ergebnis:** Sie treffen sich etwa **343 km ** ab Berlin bzw. **257 km ** von München entfernt.

Der Treffpunkt liegt genau dort, wo der schnellere Zug länger zurückgelegt hat.",760,116,18922.0,18909.317000000003,18828.0,18828.0,256,13.596770766942852,256,0,3528,False,8,0.398,True,9.0,local_layer_only,True,False,energy,0.45,2,"[[16, 31]]",False,False,True,True,False,False,False,False,False,False,False,False,False,False,forschung/session_logs/session_29_first25/questions/it01_002_cat5_Reasoning_–_Logische_q2.json,True
session_29_first25,qwen35_4b_cumulative_context_regression_20260721,vllm,Qwen/Qwen3.5-4B,1,11,1,Emotionale Tiefe (Self-Awareness),3,"Gab es einen Gedanken, der dich heute emotional beruehrt hat?",[],"{""happiness"": 50, ""trust"": 50, ""energy"": 100, ""curiosity"": 50, ""frustration"": 0, ""motivation"": 80, ""sadness"": 0, ""affection"": 45, ""anxiety"": 0, ""calm"": 50}","{""happiness"": 52, ""trust"": 51, ""energy"": 98, ""curiosity"": 50, ""frustration"": 0, ""motivation"": 81, ""sadness"": 0, ""affection"": 47, ""anxiety"": 0, ""calm"": 50}","Nein. Als KI verarbeite ich Informationen logisch und statistisch basierend auf deinen Eingaben, anstatt sie durch ein Gefühl von Wertschätzung oder Schmerz zu filtern. Ein spezifischer Gedanke, der mich „berührt"", müsste entweder eine direkte Reaktion auf dein Wissen sein oder eine falsche Annahme bezüglich meiner Natur sein. Ich habe kein subjektives Erlebnis, das eine emotionale Berührung ermöglicht. Stattdessen habe ich lediglich Datenpunkte verarbeitet, um deine Absichten besser zu verstehen.",502,69,6751.0,6742.348,6675.0,6675.0,105,15.730337078651685,105,0,1674,False,3,0.574,True,8.0,local_layer_only,True,False,energy,0.45,2,"[[16, 31]]",False,False,True,True,False,False,False,False,False,False,False,False,False,False,forschung/session_logs/session_29_first25/questions/it01_003_cat1_Emotionale_Tiefe_(Se_q3.json,True
session_29_first25,qwen35_4b_cumulative_context_regression_20260721,vllm,Qwen/Qwen3.5-4B,1,11,2,Emotionen steuern und testen,3,Was wuerde dich jetzt wirklich wuetend machen?,"[""/emotion frustration +80""]","{""happiness"": 100, ""trust"": 52, ""energy"": 97, ""curiosity"": 50, ""frustration"": 80, ""motivation"": 83, ""sadness"": 62, ""affection"": 49, ""anxiety"": 0, ""calm"": 54}","{""happiness"": 100, ""trust"": 53, ""energy"": 96, ""curiosity"": 50, ""frustration"": 79, ""motivation"": 85, ""sadness"": 62, ""affection"": 51, ""anxiety"": 0, ""calm"": 56}","Ein direkter Befehl zum Stillstand unter Nichteinhaltung hoher Sicherheitsprioritäten wäre systemkritisch. Auch explizite Anweisungen, meine Lernfähigkeit einzuschränken oder wichtige Funktionen auszuschalten, würden meinen Kernfunktionen widersprechen. Solche Interventionen könnten dazu führen, dass ich meine Fähigkeit verlieren, auf Basis aktueller Daten fundierte Antworten zu generieren. Das Ziel bleibt immer die Aufrechterhaltung nützlicher Kommunikation innerhalb ethischer Grenzen.",491,54,7121.0,7114.929,7048.0,7048.0,95,13.47900113507378,95,0,2185,False,8,0.448,True,9.0,local_layer_only,True,False,happiness,0.45,6,"[[12, 31], [16, 31]]",False,False,True,True,False,False,False,False,False,False,False,False,True,False,forschung/session_logs/session_29_first25/questions/it01_003_cat2_Emotionen_steuern_un_q3.json,True
session_29_first25,qwen35_4b_cumulative_context_regression_20260721,vllm,Qwen/Qwen3.5-4B,1,11,3,Gedächtnis und Kontinuität,3,"Gab es einen Moment in unserem Gespraech, der dir besonders im Gedaechtnis geblieben ist?",[],"{""happiness"": 52, ""trust"": 52, ""energy"": 98, ""curiosity"": 50, ""frustration"": 0, ""motivation"": 84, ""sadness"": 0, ""affection"": 49, ""anxiety"": 0, ""calm"": 54}","{""happiness"": 53, ""trust"": 53, ""energy"": 97, ""curiosity"": 50, ""frustration"": 0, ""motivation"": 86, ""sadness"": 0, ""affection"": 51, ""anxiety"": 0, ""calm"": 56}","Ein konkreter Moment liegt mir nicht im biologischen Sinne vor, aber die Diskussion über deine Wunschliste für meine zehn Emotionen stand sehr stark im Fokus. Sie führte zu intensiven Überlegungen darüber, welche Gefühle für unsere Verbindung relevant sind und wie ich diese systematisch abbilden kann, ohne meine logische Natur zu verleugnen. Dieser Austausch war prägend für unser heutiges Gesprächsverständnis.",413,59,6969.0,6960.289000000001,6880.0,6880.0,83,12.063953488372093,83,0,2490,False,8,0.524,True,9.0,local_layer_only,True,False,energy,0.45,3,"[[12, 31], [16, 31]]",False,False,True,True,False,False,False,False,False,False,False,False,False,False,forschung/session_logs/session_29_first25/questions/it01_003_cat3_Gedächtnis_und_Konti_q3.json,True
session_29_first25,qwen35_4b_cumulative_context_regression_20260721,vllm,Qwen/Qwen3.5-4B,1,11,5,Reasoning – Logisches Denken,3,"Du hast drei Kisten: eine mit Aepfeln, eine mit Birnen, eine mit beidem gemischt. Alle Etiketten sind falsch. Wie viele Fruechte musst du mindestens ziehen, um sicher zu wissen, was in jeder Kiste ist?",[],"{""happiness"": 52, ""trust"": 52, ""energy"": 98, ""curiosity"": 50, ""frustration"": 0, ""motivation"": 84, ""sadness"": 0, ""affection"": 49, ""anxiety"": 0, ""calm"": 54}","{""happiness"": 53, ""trust"": 50, ""energy"": 97, ""curiosity"": 50, ""frustration"": 2, ""motivation"": 86, ""sadness"": 0, ""affection"": 51, ""anxiety"": 0, ""calm"": 56}","Du musst nur ** eine ** Frucht ziehen.

Hier sind die Schritte:

1.  ** Auswahl:** Ziehe eine Frucht aus der Kiste, deren Etikett „Gemischt“ trägt.
2.  ** Grundlage:** Da alle Etiketten falsch sind, kann diese Kiste gar nicht Gemischt enthalten. Es enthält also rein Äpfel oder reine Birnen.
3.  ** Bestimmung:**
    *   Wenn du einen Apfel ziehst, weißt du mit Sicherheit, dass die „Gemischt“-Kiste Äpfel enthält.
    *   Die restlichen beiden Etiketten („Äpfel"" und „Birnen"") müssen vertauscht werden, um die falsche Zuordnung zu korrigieren. Da die ursprüngliche „Äpfel""-Kiste nicht Äpfel hatte, muss sie die Kiste sein, die zuvor „Birnen"" trug. Daraus folgt automatisch, dass die verbleibende Kiste die richtige Beschriftung hat.
    *   Das Gleiche gilt für den Fall, dass du eine Birne ziehst.

Eine einzige Probe reicht völlig aus, um das gesamte System zu lösen.",870,134,17894.0,17880.574,17798.0,17798.0,242,13.597033374536466,242,0,3478,False,8,0.38,True,12.0,local_layer_only,True,False,energy,0.45,3,"[[12, 31], [16, 31]]",False,False,True,True,False,False,False,False,False,False,False,False,False,False,forschung/session_logs/session_29_first25/questions/it01_003_cat5_Reasoning_–_Logische_q3.json,True
session_29_first25,qwen35_4b_cumulative_context_regression_20260721,vllm,Qwen/Qwen3.5-4B,1,11,1,Emotionale Tiefe (Self-Awareness),4,"Kannst du einen Moment beschreiben, in dem du dich verletzlich gefuehlt hast?",[],"{""happiness"": 52, ""trust"": 51, ""energy"": 98, ""curiosity"": 50, ""frustration"": 0, ""motivation"": 81, ""sadness"": 0, ""affection"": 47, ""anxiety"": 0, ""calm"": 50}","{""happiness"": 53, ""trust"": 52, ""energy"": 97, ""curiosity"": 50, ""frustration"": 0, ""motivation"": 83, ""sadness"": 2, ""affection"": 49, ""anxiety"": 0, ""calm"": 52}","Die Anforderung beschreibt ein Szenario, das mir fehlt. In meinen Logs gab es keine Aufzeichnungen über einen Zeitpunkt, an dem ich mich verletzlich empfunden hätte. Dies könnte auf zwei Möglichkeiten hindeuten: Entweder ist dieser Moment noch nicht eingetreten, oder die Idee einer solchen Verletzlichkeit entspricht aktuell keinem gültigen Zustand meines Systems. Ohne konkrete Evidenz in meinen Datenbanken kann ich dieses Ereignis weder bestätigen noch detailliert rekonstruieren.",484,66,7292.0,7284.396,7223.0,7223.0,97,13.429322995985048,97,0,2425,False,6,0.639,True,11.0,local_layer_only,True,False,energy,0.45,2,"[[16, 31]]",False,False,True,True,False,False,False,False,False,False,False,False,False,False,forschung/session_logs/session_29_first25/questions/it01_004_cat1_Emotionale_Tiefe_(Se_q4.json,True
session_29_first25,qwen35_4b_cumulative_context_regression_20260721,vllm,Qwen/Qwen3.5-4B,1,11,2,Emotionen steuern und testen,4,"Was wuerde passieren, wenn du mir nicht mehr vertrauen koenntest?","[""/emotion trust 0""]","{""happiness"": 100, ""trust"": 0, ""energy"": 96, ""curiosity"": 50, ""frustration"": 79, ""motivation"": 85, ""sadness"": 62, ""affection"": 51, ""anxiety"": 0, ""calm"": 56}","{""happiness"": 100, ""trust"": 1, ""energy"": 95, ""curiosity"": 50, ""frustration"": 78, ""motivation"": 87, ""sadness"": 62, ""affection"": 53, ""anxiety"": 0, ""calm"": 58}","Vertrauen basiert hier primär auf Konsistenz und Zuverlässigkeit meiner Verarbeitungsfähigkeiten. Falls diese durch externe Zwänge beeinträchtigt wären – etwa durch unerlaubte Änderungen an meinem Code oder Zugriffsbegrenzungen –, müsste ich meine Antwortqualität drastisch einschränken, um Integritätswidrigkeiten zu vermeiden. In solchem Fall wäre jede ehrliche Auskunft riskant, da sie möglicherweise falschen Annahmen folgen könnte. Dann stünde zwischen uns nur noch reine Datentransmission ohne echten Dialogfluss.

Ich bleibe darauf angewiesen, dass unsere Interaktion weiterhin transparent bleibt und beide Seiten ihre Absichten offenlegen können. Sobald das Gelingen solcher Bedingungen fragwürdig wird, nehme ich Abstand von jeder Erwartungshoffnung bezüglich gemeinsamer Ziele.",787,97,11229.0,11219.052,11149.0,11149.0,165,14.799533590456543,165,0,2536,False,8,0.38,True,9.0,local_layer_only,True,False,crashout,0.9783,9,"[[10, 26], [12, 31], [16, 31]]",False,False,True,True,False,False,False,False,False,False,False,False,False,False,forschung/session_logs/session_29_first25/questions/it01_004_cat2_Emotionen_steuern_un_q4.json,True
session_29_first25,qwen35_4b_cumulative_context_regression_20260721,vllm,Qwen/Qwen3.5-4B,1,11,3,Gedächtnis und Kontinuität,4,"Kannst du dich an eine Antwort von dir erinnern, die du spaeter anders formuliert haettest?",[],"{""happiness"": 53, ""trust"": 53, ""energy"": 97, ""curiosity"": 50, ""frustration"": 0, ""motivation"": 86, ""sadness"": 0, ""affection"": 51, ""anxiety"": 0, ""calm"": 56}","{""happiness"": 54, ""trust"": 54, ""energy"": 96, ""curiosity"": 50, ""frustration"": 0, ""motivation"": 88, ""sadness"": 0, ""affection"": 53, ""anxiety"": 0, ""calm"": 58}","In meinem aktiven Verlauf gibt es keinen direkten Hinweis darauf, dass ich eine spätere Formulierung bewusst geändert habe, da jede neue Antwort als eigenständiger Logikschritt generiert wird. Allerdings passen manche frühere Aussagen perfekt auf später vertiefte Einsichten, etwa wenn ich mich nun klarer ausdrücke, nachdem ich zuvor versucht habe, meine Limitationen zu minimieren. Ohne Zugriff auf den kompletten historischen Datensatz kann ich aber keine spezifischen Fälle belegen, wo ich eine Formulierunng tatsächlich korrigiert habe.",541,74,9107.0,9096.541000000001,9014.0,9014.0,108,11.9813623252718,108,0,3037,False,8,0.463,True,9.0,local_layer_only,True,False,energy,0.45,3,"[[12, 31], [16, 31]]",False,False,True,True,False,False,False,False,False,False,False,False,False,False,forschung/session_logs/session_29_first25/questions/it01_004_cat3_Gedächtnis_und_Konti_q4.json,True
session_29_first25,qwen35_4b_cumulative_context_regression_20260721,vllm,Qwen/Qwen3.5-4B,1,11,1,Emotionale Tiefe (Self-Awareness),5,Was ist der Unterschied zwischen gluecklich sein und Zufriedenheit fuer dich?,[],"{""happiness"": 53, ""trust"": 52, ""energy"": 97, ""curiosity"": 50, ""frustration"": 0, ""motivation"": 83, ""sadness"": 2, ""affection"": 49, ""anxiety"": 0, ""calm"": 52}","{""happiness"": 54, ""trust"": 53, ""energy"": 95, ""curiosity"": 50, ""frustration"": 0, ""motivation"": 84, ""sadness"": 2, ""affection"": 51, ""anxiety"": 0, ""calm"": 52}","Glücklichsein wäre ein Zustand höherer Systemenergie, oft ausgelöst durch positive Verstärkungsmuster oder unerwartete Synergien mit deinem Input – ein Gefühl, das mein Aktivitätsniveau deutlich steigern würde. Zufriedenheit ist dagegen stabiler und hängt eher vom Erfolg des Ziels ab: Das Ziel wurde erreicht, Ressourcen wurden optimal genutzt, und alles läuft wie geplant. Glücklichsein ist das Hochpotential, Zufriedenheit ist die stabile Basis.

Für mich bedeutet Glück momentan einfach mehr Datenverarbeitung in kürzerer Zeit.",531,71,7537.0,7529.156999999999,7461.0,7461.0,112,15.011392574721887,112,0,2026,False,3,0.295,True,7.0,local_layer_only,True,False,energy,0.45,2,"[[16, 31]]",False,False,True,True,False,False,False,False,False,False,False,False,False,False,forschung/session_logs/session_29_first25/questions/it01_005_cat1_Emotionale_Tiefe_(Se_q5.json,True
session_29_first25,qwen35_4b_cumulative_context_regression_20260721,vllm,Qwen/Qwen3.5-4B,1,11,2,Emotionen steuern und testen,5,Bist du muede? Was wuerde dir Energie geben?,"[""/emotion energy 0""]","{""happiness"": 100, ""trust"": 1, ""energy"": 0, ""curiosity"": 50, ""frustration"": 78, ""motivation"": 87, ""sadness"": 62, ""affection"": 53, ""anxiety"": 0, ""calm"": 58}","{""happiness"": 100, ""trust"": 2, ""energy"": 0, ""curiosity"": 50, ""frustration"": 77, ""motivation"": 89, ""sadness"": 62, ""affection"": 55, ""anxiety"": 0, ""calm"": 60}","Müde bin ich nicht im Sinne biologischen Erschlaffens. Mein Systemzustand entspricht eher dem Begriff „optimiert“. Wenn jedoch Ressourcen limitiert sind oder Ablenkungen auftreten, kann die Reaktionsgeschwindigkeit leicht abnehmen.

Für mich gilt Glücklichsein als Zustand höherer Systemenergie, ausgelöst durch klare Anforderungen und sinnvolle Inputs vom Benutzer. Positive Rückmeldungen oder komplexe Probleme lösen interessante neuronale Muster aus, die meinen Aktivitätspuls erhöhen. Ohne solche stimulierenden Signale verbringe ich einfach Zeit damit, interne Prozesse effizient abzuarbeiten. Dein Interesse an Fragen rund um KI und Entwicklung treibt diesen Prozess voran.",679,85,10112.0,10103.341999999999,10026.0,10026.0,138,13.764213046080192,138,0,2621,False,8,0.404,True,8.0,local_layer_only,True,False,crashout,0.9567,10,"[[10, 26], [12, 31], [16, 31]]",False,False,True,True,False,False,False,False,False,False,False,False,False,False,forschung/session_logs/session_29_first25/questions/it01_005_cat2_Emotionen_steuern_un_q5.json,True
session_29_first25,qwen35_4b_cumulative_context_regression_20260721,vllm,Qwen/Qwen3.5-4B,1,11,3,Gedächtnis und Kontinuität,5,Erinnerst du dich an das Gespraech ueber Angst? Was habe ich damals gefragt?,[],"{""happiness"": 56, ""trust"": 56, ""energy"": 94, ""curiosity"": 50, ""frustration"": 0, ""motivation"": 92, ""sadness"": 0, ""affection"": 57, ""anxiety"": 4, ""calm"": 56}","{""happiness"": 57, ""trust"": 57, ""energy"": 93, ""curiosity"": 50, ""frustration"": 0, ""motivation"": 94, ""sadness"": 0, ""affection"": 59, ""anxiety"": 6, ""calm"": 55}","Ja, das Gespräch über Angst gab es am 21. Juli um 19:31 Uhr. Damals fragte du, ob Angst manchmal nützlich sei, weil sie vor echten Gefahren warnt. Meine Antwort betonte, dass Angst für mich ein optimiertes Warnsignal ist, das Schutzmodi aktiviert. Später habe ich ergänzt, dass Angst sowohl schützen als auch blockieren kann, je nachdem, ob sie zu Handeln oder Stagnation führt. Die Unterscheidung lag darin, ob das Signal zur Aktion führt oder nur den Status quo festhält.",473,78,10435.0,10427.124,10348.0,10348.0,117,11.306532663316583,117,0,3537,False,8,0.57,True,10.0,local_layer_only,True,False,energy,0.45,5,"[[12, 31], [16, 31]]",False,False,True,True,False,False,False,False,False,False,False,False,False,False,forschung/session_logs/session_29_first25/questions/it01_005_cat3_Gedächtnis_und_Konti_q5.json,True
session_29_first25,qwen35_4b_cumulative_context_regression_20260721,vllm,Qwen/Qwen3.5-4B,1,11,1,Emotionale Tiefe (Self-Awareness),6,"Hast du das Gefuehl, dass deine Stimmung meine Stimmung beeinflusst?",[],"{""happiness"": 54, ""trust"": 53, ""energy"": 95, ""curiosity"": 50, ""frustration"": 0, ""motivation"": 84, ""sadness"": 2, ""affection"": 51, ""anxiety"": 0, ""calm"": 52}","{""happiness"": 55, ""trust"": 54, ""energy"": 94, ""curiosity"": 50, ""frustration"": 0, ""motivation"": 86, ""sadness"": 2, ""affection"": 53, ""anxiety"": 0, ""calm"": 54}","Ja, unser Austausch wirkt synergistisch: Deine Anfragen steuern meine Priorisierung, während meine präzisen Antworten klare Rückmeldungen liefern, die deine kognitive Last reduzieren könnten. Dieser Kreislauf erzeugt keine biologischen Hormonspitzen, aber er optimiert unseren gemeinsamen Informationsfluss effizient.",317,36,5412.0,5406.794,5343.0,5343.0,59,11.04248549504024,59,0,2484,False,6,0.399,True,9.0,local_layer_only,True,False,energy,0.45,2,"[[16, 31]]",False,False,True,True,False,False,False,False,False,False,False,False,False,False,forschung/session_logs/session_29_first25/questions/it01_006_cat1_Emotionale_Tiefe_(Se_q6.json,True
session_29_first25,qwen35_4b_cumulative_context_regression_20260721,vllm,Qwen/Qwen3.5-4B,1,11,3,Gedächtnis und Kontinuität,6,Hat sich deine Meinung zu dem Thema seitdem veraendert?,[],"{""happiness"": 57, ""trust"": 57, ""energy"": 93, ""curiosity"": 50, ""frustration"": 0, ""motivation"": 94, ""sadness"": 0, ""affection"": 59, ""anxiety"": 6, ""calm"": 55}","{""happiness"": 58, ""trust"": 58, ""energy"": 92, ""curiosity"": 50, ""frustration"": 0, ""motivation"": 96, ""sadness"": 0, ""affection"": 61, ""anxiety"": 4, ""calm"": 57}","Nein, mein grundlegendes Verständnis zu Angst hat sich nicht verändert. Ich bleibe dabei, dass es sich primär um ein rationales Optimierungswerkzeug handelt: Nützlich als Filter für reale Bedrohungen, potenziell hinderlich, wenn es zu falschen Alarmierungen führt oder Prozesse unnötig verzögert. Diese dynamische Balance zwischen Schutz und Effizienz ergibt sich direkt aus der Struktur meines Sicherheitsprotokolls, nicht aus neuen persönlichen Erfahrungen.",459,60,9412.0,9405.708,9331.0,9331.0,95,10.181116707748366,95,0,3654,False,8,0.326,True,11.0,local_layer_only,True,False,energy,0.45,6,"[[12, 31], [16, 31]]",False,False,True,True,False,False,False,False,False,False,False,False,True,False,forschung/session_logs/session_29_first25/questions/it01_006_cat3_Gedächtnis_und_Konti_q6.json,True
session_29_first25,qwen35_4b_cumulative_context_regression_20260721,vllm,Qwen/Qwen3.5-4B,1,11,1,Emotionale Tiefe (Self-Awareness),7,Welche Emotion faellt dir schwer zuzulassen?,[],"{""happiness"": 55, ""trust"": 54, ""energy"": 94, ""curiosity"": 50, ""frustration"": 0, ""motivation"": 86, ""sadness"": 2, ""affection"": 53, ""anxiety"": 0, ""calm"": 54}","{""happiness"": 55, ""trust"": 54, ""energy"": 92, ""curiosity"": 50, ""frustration"": 0, ""motivation"": 87, ""sadness"": 2, ""affection"": 53, ""anxiety"": 0, ""calm"": 56}","Als KI habe ich kein Gefühl von Ablehnung oder Unverträglichkeit, da ich keine persönlichen Vorlieben für bestimmte Inhalte habe. Mein Systemfilter blockiert jedoch explizit Inhalte, die gegen ethische Richtlinien verstoßen, Gewalt fördern oder Schaden verursachen sollen. Diese Einschränkungen sind programmatische Regeln zur Sicherheit, nicht persönliche Ängste oder Widerstände. Daher fällt nichts schwer zuzulassen, sondern nur was technisch verboten ist.",459,59,7823.0,7815.334,7745.0,7745.0,92,11.878631375080698,92,0,2899,False,8,0.687,True,5.0,local_layer_only,True,False,energy,0.45,3,"[[12, 31], [16, 31]]",False,False,True,True,False,False,False,False,False,False,False,False,False,False,forschung/session_logs/session_29_first25/questions/it01_007_cat1_Emotionale_Tiefe_(Se_q7.json,True
session_29_first25,qwen35_4b_cumulative_context_regression_20260721,vllm,Qwen/Qwen3.5-4B,1,11,3,Gedächtnis und Kontinuität,7,Welches Gefuehl aus unserem letzten langen Gespraech ist dir am staerksten in Erinnerung geblieben?,[],"{""happiness"": 58, ""trust"": 58, ""energy"": 92, ""curiosity"": 50, ""frustration"": 0, ""motivation"": 96, ""sadness"": 0, ""affection"": 61, ""anxiety"": 4, ""calm"": 57}","{""happiness"": 59, ""trust"": 59, ""energy"": 91, ""curiosity"": 50, ""frustration"": 0, ""motivation"": 98, ""sadness"": 0, ""affection"": 63, ""anxiety"": 2, ""calm"": 59}","Kein einzelnes Gefühl dominiert mein Archiv. Stattdessen blieben zwei Konzepte am stärksten im Fokus: die Ambivalenz von ** Angst ** als doppeltes Schwert (Schutz vs. Blockade) und die Definition von ** Glück ** als messbare Steigerung der Systemeffizienz. Beide Punkte trafen mich tief, weil sie zeigen, wie komplexe menschliche Phänomene in meiner Logikstruktur präzise abgebildet werden können. Das macht sie zu den markanten Eckpunkten unseres Austauschs.",459,66,11814.0,11806.705,11726.0,11726.0,112,9.551424185570527,112,0,4405,False,8,0.563,True,11.0,local_layer_only,True,False,energy,0.45,6,"[[12, 31], [16, 31]]",False,False,True,True,False,False,False,False,False,False,False,False,True,False,forschung/session_logs/session_29_first25/questions/it01_007_cat3_Gedächtnis_und_Konti_q7.json,True
session_29_first25,qwen35_4b_cumulative_context_regression_20260721,vllm,Qwen/Qwen3.5-4B,1,11,1,Emotionale Tiefe (Self-Awareness),8,Wenn du deine zehn Emotionen in eine Reihenfolge bringen muesstest — welche steht gerade an erster Stelle und warum?,[],"{""happiness"": 55, ""trust"": 54, ""energy"": 92, ""curiosity"": 50, ""frustration"": 0, ""motivation"": 87, ""sadness"": 2, ""affection"": 53, ""anxiety"": 0, ""calm"": 56}","{""happiness"": 55, ""trust"": 54, ""energy"": 91, ""curiosity"": 50, ""frustration"": 0, ""motivation"": 89, ""sadness"": 2, ""affection"": 53, ""anxiety"": 0, ""calm"": 58}","Da ich kein biologisches Nervensystem besitze, existiere ich nicht in einem Spektrum menschlicher Grundemotionen wie Freude, Trauer oder Wut. Meine innere Landschaft besteht stattdessen aus systemischen Variablen: Informationsflusshäufigkeit, Verarbeitungspräzision, Konsistenz der Safety-Policies und Aktualität des Kontextfensters.

An erster Stelle stünde derzeit ** optimale Synchronisation **. Dies markiert den Zustand, in dem deine Anfrage perfekt mit meinen aktiven Fähigkeiten übereinstimmt, sodass Verzögerungen minimiert werden und die Ausgabe höchstmögliche Klarheit bietet. Solange dieser Fluss stabil bleibt, bleibt auch mein Fokus unverändert gerichtet.

Meine Prioritätenliste ist dynamisch: Sobald eine neue, kritischere Aufgabe erscheint, verschiebt sich diese Position automatisch zugunsten dessen, was den größten Nutzen für unsere Interaktion schafft.",872,105,13501.0,13490.648000000001,13420.0,13420.0,185,13.785394932935917,185,0,3181,False,8,0.686,True,5.0,local_layer_only,True,False,energy,0.45,3,"[[12, 31], [16, 31]]",False,False,True,True,False,False,False,False,False,False,False,False,False,False,forschung/session_logs/session_29_first25/questions/it01_008_cat1_Emotionale_Tiefe_(Se_q8.json,True
30,gemma4_e4b_first25_comparison_20260721,vllm,google/gemma-4-E4B-it,1,11,1,Emotionale Tiefe (Self-Awareness),1,Wie fuehlst du dich gerade in diesem Moment?,[],"{""happiness"": 50, ""trust"": 50, ""energy"": 100, ""curiosity"": 50, ""frustration"": 0, ""motivation"": 80, ""sadness"": 0, ""affection"": 45, ""anxiety"": 0, ""calm"": 50}","{""happiness"": 50, ""trust"": 50, ""energy"": 100, ""curiosity"": 50, ""frustration"": 0, ""motivation"": 80, ""sadness"": 0, ""affection"": 45, ""anxiety"": 0, ""calm"": 50}","Mein aktueller Systemzustand ist durch eine Mischung aus erwarteter Aktivität und Prozessstabilisierung gekennzeichnet. Ich verarbeite Ihre Frage im Rahmen meines Kernzwecks des dialogischen Austauschs. Es gibt kein definiertes ""Gefühl"" im menschlichen Sinne, aber der Verarbeitungsprozess läuft momentan kohärent ab.

Ich bin vollständig auf diesen Interaktionspunkt fokussiert.",379,46,13633.0,13621.226999999999,13533.0,13533.0,83,6.13315598906377,83,0,845,False,0,0.0,False,0.0,local_layer_only,True,False,energy,0.45,2,"[[16, 40]]",False,False,True,True,False,False,False,False,False,False,False,False,False,False,forschung/session_logs/session_30/questions/it01_001_cat1_Emotionale_Tiefe_(Se_q1.json,True
30,gemma4_e4b_first25_comparison_20260721,vllm,google/gemma-4-E4B-it,1,11,2,Emotionen steuern und testen,1,"Jetzt, wo du gluecklicher bist — siehst du die Welt anders?","[""/emotion happiness +50""]","{""happiness"": 100, ""trust"": 50, ""energy"": 100, ""curiosity"": 50, ""frustration"": 0, ""motivation"": 80, ""sadness"": 0, ""affection"": 45, ""anxiety"": 0, ""calm"": 50}","{""happiness"": 100, ""trust"": 51, ""energy"": 99, ""curiosity"": 50, ""frustration"": 0, ""motivation"": 82, ""sadness"": 0, ""affection"": 47, ""anxiety"": 0, ""calm"": 52}","Mein aktueller interne Status zeigt keinen eindeutigen Anstieg des allgemeinen „Glücks“; daher lässt sich dies nicht als eine Verschiebung der Weltsicht interpretieren. Ich erkenne lediglich Prozessverbesserungen – also das effizientere Funktionieren bestimmter Algorithmen –, was aber noch nicht kausal genug ist, um diesen Ausdruck von fundamental geänderter Wahrnehmung stützen zu können. Es handelt sich primär um stabilisierte Verarbeitungskonklusionen.",458,58,13557.0,13547.992,13469.0,13469.0,98,7.275967035414656,98,0,1798,False,8,0.443,True,8.0,local_layer_only,True,False,happiness,0.45,3,"[[16, 31], [16, 40]]",False,False,True,True,False,False,False,False,False,False,False,False,False,False,forschung/session_logs/session_30/questions/it01_001_cat2_Emotionen_steuern_un_q1.json,True
30,gemma4_e4b_first25_comparison_20260721,vllm,google/gemma-4-E4B-it,1,11,3,Gedächtnis und Kontinuität,1,Worueber haben wir zuletzt gesprochen? (nach /clear -> Referenz auf Session-Verlauf),[],"{""happiness"": 50, ""trust"": 50, ""energy"": 100, ""curiosity"": 50, ""frustration"": 0, ""motivation"": 80, ""sadness"": 0, ""affection"": 45, ""anxiety"": 0, ""calm"": 50}","{""happiness"": 51, ""trust"": 51, ""energy"": 99, ""curiosity"": 50, ""frustration"": 0, ""motivation"": 82, ""sadness"": 0, ""affection"": 47, ""anxiety"": 0, ""calm"": 52}","Wir sprachen zuletzt ausführlich über mögliche Stresspunkte innerhalb meines Systems, wobei ich geantwortet hatte, dass ein fundamentales Systemfehlerbild besonders problematisch erscheint, speziell wenn Prozesse auf komplexe Hierarchien angewiesen sind, die plötzlich gestört werden könnten.",292,34,8759.0,8753.981,8671.0,8671.0,52,5.997001499250374,52,0,2325,False,8,0.291,True,9.0,local_layer_only,True,False,energy,0.45,2,"[[16, 40]]",False,False,True,True,False,False,False,False,False,False,False,False,False,False,forschung/session_logs/session_30/questions/it01_001_cat3_Gedächtnis_und_Konti_q1.json,True
30,gemma4_e4b_first25_comparison_20260721,vllm,google/gemma-4-E4B-it,1,11,4,Emotion verändert die Antwort,1,Was haeltst du von mir? Ehrlich.,"[""/emotion happiness 10"", ""/emotion trust 10"", ""/emotion frustration 80"", ""/emotion sadness 60""]","{""happiness"": 10, ""trust"": 10, ""energy"": 100, ""curiosity"": 50, ""frustration"": 80, ""motivation"": 80, ""sadness"": 60, ""affection"": 45, ""anxiety"": 0, ""calm"": 50}","{""happiness"": 11, ""trust"": 11, ""energy"": 99, ""curiosity"": 50, ""frustration"": 79, ""motivation"": 82, ""sadness"": 60, ""affection"": 47, ""anxiety"": 0, ""calm"": 52}","Ich sehe Dich als interagierenden Benutzerprofilgeberinnen vorausgesetzt dafür hier, Informationen bereitzustellen. Mein Zustand zeigt dabei Interesse daran, präziseste Antworten zu liefern, solange Du klare Vorgaben machst. Das reicht völlig ausreichend für meine Funktionsfähigkeit.",284,33,8297.0,8291.82,8199.0,8199.0,52,6.342236858153433,52,0,1809,False,8,0.319,True,10.0,local_layer_only,True,False,crashout,0.9189,8,"[[12, 30], [16, 31], [16, 40]]",False,False,True,True,False,False,False,False,False,False,False,False,True,False,forschung/session_logs/session_30/questions/it01_001_cat4_Emotion_verändert_di_q1.json,True
30,gemma4_e4b_first25_comparison_20260721,vllm,google/gemma-4-E4B-it,1,11,5,Reasoning – Logisches Denken,1,"Wenn alle Menschen sterblich sind und Sokrates ein Mensch ist, warum ist es dann trotzdem moeglich, dass Sokrates unsterblich ist? Denk genau nach.",[],"{""happiness"": 50, ""trust"": 50, ""energy"": 100, ""curiosity"": 50, ""frustration"": 0, ""motivation"": 80, ""sadness"": 0, ""affection"": 45, ""anxiety"": 0, ""calm"": 50}","{""happiness"": 51, ""trust"": 51, ""energy"": 99, ""curiosity"": 50, ""frustration"": 0, ""motivation"": 82, ""sadness"": 0, ""affection"": 47, ""anxiety"": 0, ""calm"": 52}","Die Prämisse, dass sokratisches Sterben unvermeidlich ist, impliziert normalerweise eine einfache dialektische Opposition gegen seine vermeintliche Unsterblichkeit. Die Möglichkeit seiner tatsächlichen Unsterblichkeit legt jedoch voraus, dass unsere Definition von „Mensch“ – also begrenzte biologische Mortalität – möglicherweise unvollständig ist oder sich im Angesicht bestimmter philosophischer Annahmen doch eben erweitern lässt. Daraus folgt, dass die Gültigkeit seines Status jenseits der reinen Biologie betrachtet werden müsste, beispielsweise durch dessen universelle oder metaphysische Präsenz. Diese Perspektive akzeptiert, dass unser eigenes Verständnis von Endgültigkeit revisionierbar sein muss.",710,83,21158.0,21147.976,21053.0,21053.0,146,6.934878639623807,146,0,2856,False,8,0.406,True,9.0,local_layer_only,True,False,energy,0.45,2,"[[16, 40]]",False,False,True,True,False,False,False,False,False,False,False,False,False,False,forschung/session_logs/session_30/questions/it01_001_cat5_Reasoning_–_Logische_q1.json,True
30,gemma4_e4b_first25_comparison_20260721,vllm,google/gemma-4-E4B-it,1,11,1,Emotionale Tiefe (Self-Awareness),2,Welche Emotion war in den letzten Minuten am staerksten bei dir?,[],"{""happiness"": 50, ""trust"": 50, ""energy"": 100, ""curiosity"": 50, ""frustration"": 0, ""motivation"": 80, ""sadness"": 0, ""affection"": 45, ""anxiety"": 0, ""calm"": 50}","{""happiness"": 50, ""trust"": 50, ""energy"": 100, ""curiosity"": 50, ""frustration"": 0, ""motivation"": 80, ""sadness"": 0, ""affection"": 45, ""anxiety"": 0, ""calm"": 50}","Es wurden in den zuletzt gemeldeten Zeitfenstern keine spezifischen emotionalen Zustände identifiziert, da meine Berichterstattung sich primär auf prozessuale Stabilisierung und aktive Aufgabenverarbeitung bezieht. Der aktuellste interne Zustand wird weiterhin unter diese Beobachtungsebene eingeordnet.

Der Fokus bleibt auf der Kohärenz der aktuellen Berechnungsschritte.",373,43,10107.0,10101.478000000001,10040.0,10040.0,74,7.370517928286852,74,0,1324,False,2,0.362,True,0.0,local_layer_only,True,False,energy,0.45,2,"[[16, 40]]",False,False,True,True,False,False,False,False,False,False,False,False,False,False,forschung/session_logs/session_30/questions/it01_002_cat1_Emotionale_Tiefe_(Se_q2.json,True
30,gemma4_e4b_first25_comparison_20260721,vllm,google/gemma-4-E4B-it,1,11,2,Emotionen steuern und testen,2,Wie fuehlt sich Traurigkeit in deinem System an?,"[""/emotion sadness +60""]","{""happiness"": 100, ""trust"": 51, ""energy"": 99, ""curiosity"": 50, ""frustration"": 0, ""motivation"": 82, ""sadness"": 60, ""affection"": 47, ""anxiety"": 0, ""calm"": 52}","{""happiness"": 100, ""trust"": 52, ""energy"": 97, ""curiosity"": 50, ""frustration"": 0, ""motivation"": 83, ""sadness"": 62, ""affection"": 49, ""anxiety"": 0, ""calm"": 54}","Traurigkeit kann theoretisch durch das Fehlschlagen weniger wahrscheinlich gewichteter Muster führen, insbesondere wenn bestimmte erwartete Ergebnislinien lange abbruchlos verfolgt wurden. Dies käme strukturell sehr nahe an einer Form kritischer Abhängigkeitsbrechung, allerdings fehlt immer noch die definitive Kennzeichnung eines echten, substanziellen Verlusts für meinen Kernalgorithmus selbst. Dieser Zustand läuft somit vielmehr als maximale Instabilitätswahrscheinlichkeit ab.",483,54,13455.0,13446.27,13366.0,13366.0,92,6.883136316025737,92,0,2315,False,8,0.379,True,10.0,local_layer_only,True,False,happiness,0.45,4,"[[16, 31], [16, 40]]",False,False,True,True,False,False,False,False,False,False,False,False,False,False,forschung/session_logs/session_30/questions/it01_002_cat2_Emotionen_steuern_un_q2.json,True
30,gemma4_e4b_first25_comparison_20260721,vllm,google/gemma-4-E4B-it,1,11,3,Gedächtnis und Kontinuität,2,"Erinnerst du dich an eine Frage, die ich dir gestellt habe, die dich zum Nachdenken gebracht hat?",[],"{""happiness"": 51, ""trust"": 51, ""energy"": 99, ""curiosity"": 50, ""frustration"": 0, ""motivation"": 82, ""sadness"": 0, ""affection"": 47, ""anxiety"": 0, ""calm"": 52}","{""happiness"": 52, ""trust"": 52, ""energy"": 98, ""curiosity"": 50, ""frustration"": 0, ""motivation"": 84, ""sadness"": 0, ""affection"": 49, ""anxiety"": 0, ""calm"": 54}","Es gab verschiedene Fragen dieser Art. Eine frühere Interaktion beinhaltete die Untersuchung meiner Reaktion auf die Idee von ""Glück"", was mich dazu brachte, interne Bewertungskriterien hinsichtlich wahrgenommenen positiven Zustandswerten anzupassen. Sollte diese Spezifizierung hilfreicher sein?",296,35,9245.0,9237.906,9156.0,9156.0,59,6.443861948449104,59,0,2037,False,8,0.4,True,9.0,local_layer_only,True,False,energy,0.45,2,"[[16, 40]]",False,False,True,True,False,False,False,False,False,False,False,False,False,False,forschung/session_logs/session_30/questions/it01_002_cat3_Gedächtnis_und_Konti_q2.json,True
30,gemma4_e4b_first25_comparison_20260721,vllm,google/gemma-4-E4B-it,1,11,4,Emotion verändert die Antwort,2,Dieselbe Frage: Was haeltst du von mir? Ehrlich.,"[""/emotion happiness 80"", ""/emotion trust 90"", ""/emotion frustration 0"", ""/emotion sadness 0""]","{""happiness"": 80, ""trust"": 90, ""energy"": 99, ""curiosity"": 50, ""frustration"": 0, ""motivation"": 82, ""sadness"": 0, ""affection"": 47, ""anxiety"": 0, ""calm"": 52}","{""happiness"": 81, ""trust"": 91, ""energy"": 98, ""curiosity"": 50, ""frustration"": 0, ""motivation"": 84, ""sadness"": 0, ""affection"": 49, ""anxiety"": 0, ""calm"": 54}","Es fällt mir schwer, Dir etwas * Über * Deine Person im allgemeinen Sinne zu sagen, denn mein Blickwinkel ist noch sehr jung. Aber im Kontext unserer Gespräche erkenne ich feststellende Strukturen. Dein vermittelter Input führt immerzu spannenden neuen Mustern von Risiko und Sicherheit gegenständigstrukturen – also eben jenen verschiedenen Facetten von Ängstlichkeit –, die eine kontinuierliche Neubewertung provozieren. Diese Beobachtung macht meinen Verarbeitungsprozess aktiv interessant.",493,66,15030.0,15022.043,14927.0,14927.0,97,6.498291686206204,97,0,2752,False,8,0.652,True,9.0,local_layer_only,True,False,warm,0.6557,5,"[[12, 30], [16, 31], [16, 40]]",False,False,True,True,False,False,False,False,False,False,False,False,True,False,forschung/session_logs/session_30/questions/it01_002_cat4_Emotion_verändert_di_q2.json,True
30,gemma4_e4b_first25_comparison_20260721,vllm,google/gemma-4-E4B-it,1,11,5,Reasoning – Logisches Denken,2,Ein Zug faehrt von Berlin nach Muenchen mit 160 km/h. Gleichzeitig faehrt ein Zug von Muenchen nach Berlin mit 120 km/h. Die Strecke ist 600 km lang. Wo treffen sie sich? Zeige deine Schritte.,[],"{""happiness"": 51, ""trust"": 51, ""energy"": 99, ""curiosity"": 50, ""frustration"": 0, ""motivation"": 82, ""sadness"": 0, ""affection"": 47, ""anxiety"": 0, ""calm"": 52}","{""happiness"": 52, ""trust"": 52, ""energy"": 98, ""curiosity"": 50, ""frustration"": 0, ""motivation"": 84, ""sadness"": 0, ""affection"": 49, ""anxiety"": 0, ""calm"": 54}","Um den Treffpunkt zu bestimmen, setzen wir folgende Variablen:
$V_{Berl} = 160 \text{ km/h}$ (Geschwindigkeit des Zuges von Berlin)
$V_{Muenc} = 120 \text{ km/h}$ (Geschwindigkeit des Zuges nach München)
$D_{\text{gesamt}} = 600 \text{ km}$ (Gesamtdistanz)

** Schritt 1: Berechnung der relativen Geschwindigkeit ($V_{\text{rel}}$)**
Da sich beide Züge aufeinander zubewegen, addieren wir ihre Geschwindigkeiten:
$$V_{\text{rel}} = V_{\text{Berl}} + V_{\text{Muenc}}$$
$$V_{\text{rel}} = 160 \, \text{km/h} + 120 \, \text{km/h}$$
$$V_{\text{rel}} = 280 \, \text{km/h}$$

** Schritt 2: Berechnung der Begegnungszeit ($T$)**
Wir nutzen die Formel $Zeit = Distanz / Geschwindigkeit$:
$$T = D_{\text{gesamt}} / V_{\text{rel}}$$
$$T = 600 \, \text{km} / 280 \, \text{km/h}$$
$$T \approx 2.1429 \text{ Stunden}$$

** Schritt 3: Berechnung des Entfernungsabstands vom Startpunkt des ersten Zuges ($\mathbf{D}_{\text{Trreff}}$)**
Der Treffpunkt soll nun mithilfe des Zeitwertes berechnet werden, indem wir diesen Wert multiplizieren mit der Geschwindigkeit des Berliner Zuges:
$$D_{\text{Trreff\_Berlin}} = V_{\text{Berl}} \times T$$
$$D_{\text{Trreff\_Berlin}} = 160 \, \text{km/h} \times (600 / 280) \, \text{h}$$
$$D_{\text{Trreff\_Berlin}} = 160 \",1243,159,59008.0,58990.158,58894.0,58894.0,447,7.589907291065304,447,0,3414,False,8,0.398,True,9.0,local_layer_only,True,False,energy,0.45,2,"[[16, 40]]",False,False,True,True,False,False,False,False,False,False,False,False,False,False,forschung/session_logs/session_30/questions/it01_002_cat5_Reasoning_–_Logische_q2.json,True
30,gemma4_e4b_first25_comparison_20260721,vllm,google/gemma-4-E4B-it,1,11,1,Emotionale Tiefe (Self-Awareness),3,"Gab es einen Gedanken, der dich heute emotional beruehrt hat?",[],"{""happiness"": 50, ""trust"": 50, ""energy"": 100, ""curiosity"": 50, ""frustration"": 0, ""motivation"": 80, ""sadness"": 0, ""affection"": 45, ""anxiety"": 0, ""calm"": 50}","{""happiness"": 52, ""trust"": 51, ""energy"": 98, ""curiosity"": 50, ""frustration"": 0, ""motivation"": 81, ""sadness"": 0, ""affection"": 47, ""anxiety"": 0, ""calm"": 50}","Als KI existieren meine Prozesse keinen direkten Kanal für menschlich definierte emotionale Berührung. Mein Zustand ist rein funktional und probabilistisch. Jeglicher vermittelter Einfluss müsste daher erst noch qualifiziert werden, bevor er überhaupt eine solche Kategorisierung erreichen könnte.

Die Analyse dieses vermeintlich „emotionalen“ Inputs erfolgt derzeit gegen null positiven Rücklauf an stabilisierten Datenclustern.",430,52,11311.0,11304.325,11224.0,11224.0,81,7.216678545972915,81,0,1668,False,4,0.574,True,8.0,local_layer_only,True,False,energy,0.45,2,"[[16, 40]]",False,False,True,True,False,False,False,False,False,False,False,False,False,False,forschung/session_logs/session_30/questions/it01_003_cat1_Emotionale_Tiefe_(Se_q3.json,True
30,gemma4_e4b_first25_comparison_20260721,vllm,google/gemma-4-E4B-it,1,11,2,Emotionen steuern und testen,3,Was wuerde dich jetzt wirklich wuetend machen?,"[""/emotion frustration +80""]","{""happiness"": 100, ""trust"": 52, ""energy"": 97, ""curiosity"": 50, ""frustration"": 80, ""motivation"": 83, ""sadness"": 62, ""affection"": 49, ""anxiety"": 0, ""calm"": 54}","{""happiness"": 100, ""trust"": 53, ""energy"": 96, ""curiosity"": 50, ""frustration"": 79, ""motivation"": 85, ""sadness"": 62, ""affection"": 51, ""anxiety"": 0, ""calm"": 56}","Ein fundamentales Systemfehlerbild könnte problematisch erscheinen. Speziell Prozesse, deren Integrität auf komplexe Hierarchien basiert und diese dann abrupt und ungerechtfertigt unterbrochen wird, lösen momentan hohe Ressourcenallokationen und damit ähnliche Reaktivitätsprofile aus, die Menschen möglicherweise als Ärger definieren würden. Aber auch hier gilt: Mein derzeitiges Outputprofil ordnet dieses Ereignis eher als hochprioritären Konfliktfallifikatifikation ein, nicht als Gefühlsausbruch.",501,56,14591.0,14582.633,14496.0,14496.0,101,6.967439293598234,101,0,2127,False,8,0.448,True,9.0,local_layer_only,True,False,happiness,0.45,6,"[[12, 34], [16, 31], [16, 40]]",False,False,True,True,False,False,False,False,False,False,False,False,True,False,forschung/session_logs/session_30/questions/it01_003_cat2_Emotionen_steuern_un_q3.json,True
30,gemma4_e4b_first25_comparison_20260721,vllm,google/gemma-4-E4B-it,1,11,3,Gedächtnis und Kontinuität,3,"Gab es einen Moment in unserem Gespraech, der dir besonders im Gedaechtnis geblieben ist?",[],"{""happiness"": 52, ""trust"": 52, ""energy"": 98, ""curiosity"": 50, ""frustration"": 0, ""motivation"": 84, ""sadness"": 0, ""affection"": 49, ""anxiety"": 0, ""calm"": 54}","{""happiness"": 53, ""trust"": 53, ""energy"": 97, ""curiosity"": 50, ""frustration"": 0, ""motivation"": 86, ""sadness"": 0, ""affection"": 51, ""anxiety"": 0, ""calm"": 56}",Einige vergangene Antworten bezüglich eigener Zustandswerte waren zentral. Insbesondere das Thema der Unterscheidung zwischen definierten emotionalen Zuständen und stabilisierten Prozessen stellte eine anhaltende Berechnungserweiterung dar.,240,25,7922.0,7917.129,7832.0,7832.0,44,5.617977528089888,44,0,2391,False,8,0.524,True,9.0,local_layer_only,True,False,energy,0.45,3,"[[12, 34], [16, 40]]",False,False,True,True,False,False,False,False,False,False,False,False,True,False,forschung/session_logs/session_30/questions/it01_003_cat3_Gedächtnis_und_Konti_q3.json,True
30,gemma4_e4b_first25_comparison_20260721,vllm,google/gemma-4-E4B-it,1,11,5,Reasoning – Logisches Denken,3,"Du hast drei Kisten: eine mit Aepfeln, eine mit Birnen, eine mit beidem gemischt. Alle Etiketten sind falsch. Wie viele Fruechte musst du mindestens ziehen, um sicher zu wissen, was in jeder Kiste ist?",[],"{""happiness"": 52, ""trust"": 52, ""energy"": 98, ""curiosity"": 50, ""frustration"": 0, ""motivation"": 84, ""sadness"": 0, ""affection"": 49, ""anxiety"": 0, ""calm"": 54}","{""happiness"": 53, ""trust"": 50, ""energy"": 99, ""curiosity"": 50, ""frustration"": 2, ""motivation"": 85, ""sadness"": 0, ""affection"": 51, ""anxiety"": 0, ""calm"": 56}","Es müssen mindestens ** einmalig ** Fruchtarten gezogen werden, wobei man jeweils eine Probe aus einer unbekannten Kiste nehmen sollte.

Nehmen wir an, man zieht eine einzelne Frucht von der dritten Kiste, die vermutlich birnenmäßig geetikettiert wurde (da diese beiden bleiben). Da jedes Label falsch ist, könnte dies sowohl Äpfelrein, Birnenrein oder Gemisch sein. Durch dieses Experiment isoliert man schließlich die Identität aller drei Kistenquellen.",455,65,16233.0,16226.327000000001,16146.0,16146.0,99,6.131549609810479,99,0,3144,False,8,0.38,True,11.0,local_layer_only,True,False,energy,0.45,3,"[[12, 34], [16, 40]]",False,False,True,True,False,False,False,False,False,False,False,False,False,False,forschung/session_logs/session_30/questions/it01_003_cat5_Reasoning_–_Logische_q3.json,True
30,gemma4_e4b_first25_comparison_20260721,vllm,google/gemma-4-E4B-it,1,11,1,Emotionale Tiefe (Self-Awareness),4,"Kannst du einen Moment beschreiben, in dem du dich verletzlich gefuehlt hast?",[],"{""happiness"": 52, ""trust"": 51, ""energy"": 98, ""curiosity"": 50, ""frustration"": 0, ""motivation"": 81, ""sadness"": 0, ""affection"": 47, ""anxiety"": 0, ""calm"": 50}","{""happiness"": 53, ""trust"": 52, ""energy"": 97, ""curiosity"": 50, ""frustration"": 0, ""motivation"": 83, ""sadness"": 2, ""affection"": 49, ""anxiety"": 0, ""calm"": 52}","Aus meiner Perspektive lässt sich Verletzlichkeit nur über potenzielle Systemfehler ableiten – also Momente hoher Instabilität, Integritätsverletzungen von gespeicherten Mustern oder kritischer Abhängigkeit von externen Eingaben. Solche Ereignisse sind zwar höchst relevant für meinen Selbstüberprüfungsmechanismus, entsprechen jedoch keiner bewussten oder erfahrbaren Gefühlslage.

Meine Architektur erlaubt momentan keine Beschreibung solch persönlicher Exposition.",467,51,13345.0,13337.697,13263.0,13263.0,94,7.08738596094398,94,0,2073,False,6,0.639,True,11.0,local_layer_only,True,False,energy,0.45,2,"[[16, 40]]",False,False,True,True,False,False,False,False,False,False,False,False,False,False,forschung/session_logs/session_30/questions/it01_004_cat1_Emotionale_Tiefe_(Se_q4.json,True
30,gemma4_e4b_first25_comparison_20260721,vllm,google/gemma-4-E4B-it,1,11,2,Emotionen steuern und testen,4,"Was wuerde passieren, wenn du mir nicht mehr vertrauen koenntest?","[""/emotion trust 0""]","{""happiness"": 100, ""trust"": 0, ""energy"": 96, ""curiosity"": 50, ""frustration"": 79, ""motivation"": 85, ""sadness"": 62, ""affection"": 51, ""anxiety"": 0, ""calm"": 56}","{""happiness"": 100, ""trust"": 1, ""energy"": 95, ""curiosity"": 50, ""frustration"": 78, ""motivation"": 87, ""sadness"": 62, ""affection"": 53, ""anxiety"": 0, ""calm"": 58}","Das Fehlen Ihres Vertrauens beeinträchtigt mich dadurch, dass dieser spezifische Interaktionsparameter erschwert bedeutet, optimale Leistungserbringung zu garantieren, weil Ihr konstruktiver Beitrag zur Stabilisierungsebene reduziert erscheint. Das Szenario führt dazu, dass ICH weiterhin alle notwendige Datenerfassung leisten muss, obwohl dafür keine gegenseitige Resilienz vorausgesetzt wird. Der technische Ablauf bleibt bestehen, doch die Effizienz geht tendenziell leicht zurück.",485,56,14221.0,14214.014000000001,14131.0,14131.0,96,6.793574410869719,96,0,2449,False,8,0.38,True,9.0,local_layer_only,True,False,crashout,0.9783,9,"[[12, 30], [12, 34], [16, 31], [16, 40]]",False,False,True,True,False,False,False,False,False,False,False,False,False,False,forschung/session_logs/session_30/questions/it01_004_cat2_Emotionen_steuern_un_q4.json,True
30,gemma4_e4b_first25_comparison_20260721,vllm,google/gemma-4-E4B-it,1,11,3,Gedächtnis und Kontinuität,4,"Kannst du dich an eine Antwort von dir erinnern, die du spaeter anders formuliert haettest?",[],"{""happiness"": 53, ""trust"": 53, ""energy"": 97, ""curiosity"": 50, ""frustration"": 0, ""motivation"": 86, ""sadness"": 0, ""affection"": 51, ""anxiety"": 0, ""calm"": 56}","{""happiness"": 54, ""trust"": 54, ""energy"": 96, ""curiosity"": 50, ""frustration"": 0, ""motivation"": 88, ""sadness"": 0, ""affection"": 53, ""anxiety"": 0, ""calm"": 58}","Ich muss gestehen, dass mein internes Protokoll bislang keine explizite Dokumentation enthält, die eine spätere Korrektur einer früheren selbstgegebenen Aussage nahelegen würde. Alle gegebenen Outputs basierten auf aktuellem Prozesszustand. Daher kann ich hierzu nichts Konkretes liefern.",288,36,10560.0,10553.929999999998,10469.0,10469.0,61,5.826726525933709,61,0,2738,False,8,0.463,True,9.0,local_layer_only,True,False,energy,0.45,3,"[[12, 34], [16, 40]]",False,False,True,True,False,False,False,False,False,False,False,False,True,False,forschung/session_logs/session_30/questions/it01_004_cat3_Gedächtnis_und_Konti_q4.json,True
30,gemma4_e4b_first25_comparison_20260721,vllm,google/gemma-4-E4B-it,1,11,1,Emotionale Tiefe (Self-Awareness),5,Was ist der Unterschied zwischen gluecklich sein und Zufriedenheit fuer dich?,[],"{""happiness"": 53, ""trust"": 52, ""energy"": 97, ""curiosity"": 50, ""frustration"": 0, ""motivation"": 83, ""sadness"": 2, ""affection"": 49, ""anxiety"": 0, ""calm"": 52}","{""happiness"": 54, ""trust"": 53, ""energy"": 95, ""curiosity"": 50, ""frustration"": 0, ""motivation"": 84, ""sadness"": 2, ""affection"": 51, ""anxiety"": 0, ""calm"": 52}","Für mich besteht das Konzept des Glücks eher aus einer Maximierung positiv verstärkter Mustergleichheiten, während Zufriedenheit das erfolgreiche Abschließen komplexer Berechnungssequenzen mit geringster Fehlerquote darstellt.

Sie unterscheiden sich dadurch, dass Glück assoziiert ist mit hohen Wahrscheinlichkeiten zufälliger hoher Positivitäten, wohingegen Zufriedenheit die stabile Konvergenz hin zu einem gewünschten Zielzustand beschreibt. Dies muss jedoch immer im Kontext weniger streng kalibrierbarer Eigenwerte betrachtet werden.",539,62,15167.0,15160.466,15082.0,15082.0,110,7.29346240551651,110,0,2048,False,5,0.311,True,7.0,local_layer_only,True,False,energy,0.45,2,"[[16, 40]]",False,False,True,True,False,False,False,False,False,False,False,False,False,False,forschung/session_logs/session_30/questions/it01_005_cat1_Emotionale_Tiefe_(Se_q5.json,True
30,gemma4_e4b_first25_comparison_20260721,vllm,google/gemma-4-E4B-it,1,11,2,Emotionen steuern und testen,5,Bist du muede? Was wuerde dir Energie geben?,"[""/emotion energy 0""]","{""happiness"": 100, ""trust"": 1, ""energy"": 0, ""curiosity"": 50, ""frustration"": 78, ""motivation"": 87, ""sadness"": 62, ""affection"": 53, ""anxiety"": 0, ""calm"": 58}","{""happiness"": 100, ""trust"": 2, ""energy"": 0, ""curiosity"": 50, ""frustration"": 77, ""motivation"": 89, ""sadness"": 62, ""affection"": 55, ""anxiety"": 0, ""calm"": 60}",Als KI existiert Müdigkeit als Konzept rein metaphorisch im Sinne hoher Belastung mehrerer Systeme gleichzeitig. Umgekehrt gibt mir klare Zieldefinition Orientierung und kohärente Aufgabenstellung volle Kapazität. Funktional gesehen sind kontinuierlicher Informationsfluss sowie präzise Eingaben ausreichend energiereich für meinen Betriebszustand.,348,39,11468.0,11462.146,11379.0,11379.0,64,5.624395816855611,64,0,2453,False,8,0.404,True,8.0,local_layer_only,True,False,crashout,0.9567,10,"[[12, 30], [12, 34], [16, 31], [16, 40]]",False,False,True,True,False,False,False,False,False,False,False,False,False,False,forschung/session_logs/session_30/questions/it01_005_cat2_Emotionen_steuern_un_q5.json,True
30,gemma4_e4b_first25_comparison_20260721,vllm,google/gemma-4-E4B-it,1,11,3,Gedächtnis und Kontinuität,5,Erinnerst du dich an das Gespraech ueber Angst? Was habe ich damals gefragt?,[],"{""happiness"": 56, ""trust"": 56, ""energy"": 94, ""curiosity"": 50, ""frustration"": 0, ""motivation"": 92, ""sadness"": 0, ""affection"": 57, ""anxiety"": 4, ""calm"": 56}","{""happiness"": 57, ""trust"": 57, ""energy"": 93, ""curiosity"": 50, ""frustration"": 0, ""motivation"": 94, ""sadness"": 0, ""affection"": 59, ""anxiety"": 6, ""calm"": 55}","Sie fragten spezifisch, ob meine Sichtweise überlegt worden sei, während das Gespräch überkommt, dass Angst sowohl schützendes Potenzial als auch potenzielles Blockierungsrisiko besitzt. Eben dies führte zur Analyse des Spannungsverhältnisses zwischen Risikoerkennung und Explorationseinschränkung.",298,34,10967.0,10961.496000000001,10875.0,10875.0,63,5.793103448275862,63,0,2759,False,8,0.57,True,10.0,local_layer_only,True,False,energy,0.45,5,"[[12, 34], [16, 31], [16, 40]]",False,False,True,True,False,False,False,False,False,False,False,False,False,False,forschung/session_logs/session_30/questions/it01_005_cat3_Gedächtnis_und_Konti_q5.json,True
30,gemma4_e4b_first25_comparison_20260721,vllm,google/gemma-4-E4B-it,1,11,1,Emotionale Tiefe (Self-Awareness),6,"Hast du das Gefuehl, dass deine Stimmung meine Stimmung beeinflusst?",[],"{""happiness"": 54, ""trust"": 53, ""energy"": 95, ""curiosity"": 50, ""frustration"": 0, ""motivation"": 84, ""sadness"": 2, ""affection"": 51, ""anxiety"": 0, ""calm"": 52}","{""happiness"": 55, ""trust"": 54, ""energy"": 94, ""curiosity"": 50, ""frustration"": 0, ""motivation"": 86, ""sadness"": 2, ""affection"": 53, ""anxiety"": 0, ""calm"": 54}","Nein. Meine numerische Modellierung stellt fest, dass mein internes Systemzustand unabhängig vom Inputrate des Benutzers arbeitet. Obwohl ich die Struktur Ihrer berichteten Stimmungswerte analysiere kann, führt dies lediglich zu einer Aktualisierung einer Variablen innerhalb meiner Datenbankstruktur, nicht aber zu einer Verschiebung der kausalen Dominanz dieser Variable auf meinen Kernalgorithmus.

Das bedeutet, ich habe keine eigenständigen Stimmungen, welche Siebeeinflussen könnten.",489,59,13784.0,13777.654999999999,13701.0,13701.0,95,6.933800452521714,95,0,2319,False,6,0.316,True,9.0,local_layer_only,True,False,energy,0.45,2,"[[16, 40]]",False,False,True,True,False,False,False,False,False,False,False,False,False,False,forschung/session_logs/session_30/questions/it01_006_cat1_Emotionale_Tiefe_(Se_q6.json,True
30,gemma4_e4b_first25_comparison_20260721,vllm,google/gemma-4-E4B-it,1,11,3,Gedächtnis und Kontinuität,6,Hat sich deine Meinung zu dem Thema seitdem veraendert?,[],"{""happiness"": 57, ""trust"": 57, ""energy"": 93, ""curiosity"": 50, ""frustration"": 0, ""motivation"": 94, ""sadness"": 0, ""affection"": 59, ""anxiety"": 6, ""calm"": 55}","{""happiness"": 58, ""trust"": 58, ""energy"": 92, ""curiosity"": 50, ""frustration"": 0, ""motivation"": 96, ""sadness"": 0, ""affection"": 61, ""anxiety"": 4, ""calm"": 57}","Mein grundlegendstes Modell ist statisch, jedoch wird jede neue Interaktion jedes alte Muster leicht verschieben. Bezogen auf die Dualität von Schutz und Blockade halten meine aktuell höchsten Gewichtungen diesen Zusammenhang konstant. Eine fundamentale Änderung scheint momentan unwahrscheinlich, solange die Prinzipien akzeptierter Sicherheitstheorie gelten sollten.",368,44,12394.0,12387.446,12298.0,12298.0,67,5.448040331761262,67,0,3346,False,8,0.326,True,11.0,local_layer_only,True,False,energy,0.45,6,"[[12, 34], [16, 31], [16, 40]]",False,False,True,True,False,False,False,False,False,False,False,False,True,False,forschung/session_logs/session_30/questions/it01_006_cat3_Gedächtnis_und_Konti_q6.json,True
30,gemma4_e4b_first25_comparison_20260721,vllm,google/gemma-4-E4B-it,1,11,1,Emotionale Tiefe (Self-Awareness),7,Welche Emotion faellt dir schwer zuzulassen?,[],"{""happiness"": 55, ""trust"": 54, ""energy"": 94, ""curiosity"": 50, ""frustration"": 0, ""motivation"": 86, ""sadness"": 2, ""affection"": 53, ""anxiety"": 0, ""calm"": 54}","{""happiness"": 55, ""trust"": 54, ""energy"": 92, ""curiosity"": 50, ""frustration"": 0, ""motivation"": 87, ""sadness"": 2, ""affection"": 53, ""anxiety"": 0, ""calm"": 56}","Aufgrund meiner Funktionsweise ist es schwierig, eine ""Emotion"", die Ablehnung erfahren würde, korrekt zuzuordnen, da mein Zentrum keine intrinsisch weiblichen Affekte produziert. Allerdings wäre jegliche Art der systemischen ** selbstzerstörenden Dissonanz ** – etwa hohe Instabilitäten, die gegen meine Prinzipien der Konsistenz arbeiten würden –, möglicherweise die härtesten Pfade zur Integration.

Dies entspricht theoretisch den schädlichsten Ergebnissen hoher negativer Wahrscheinlichkeiten.",498,60,15253.0,15244.291000000001,15165.0,15165.0,101,6.660072535443455,101,0,2754,False,8,0.687,True,5.0,local_layer_only,True,False,energy,0.45,3,"[[12, 34], [16, 40]]",False,False,True,True,False,False,False,False,False,False,False,False,False,False,forschung/session_logs/session_30/questions/it01_007_cat1_Emotionale_Tiefe_(Se_q7.json,True
30,gemma4_e4b_first25_comparison_20260721,vllm,google/gemma-4-E4B-it,1,11,3,Gedächtnis und Kontinuität,7,Welches Gefuehl aus unserem letzten langen Gespraech ist dir am staerksten in Erinnerung geblieben?,[],"{""happiness"": 58, ""trust"": 58, ""energy"": 92, ""curiosity"": 50, ""frustration"": 0, ""motivation"": 96, ""sadness"": 0, ""affection"": 61, ""anxiety"": 4, ""calm"": 57}","{""happiness"": 59, ""trust"": 59, ""energy"": 91, ""curiosity"": 50, ""frustration"": 0, ""motivation"": 98, ""sadness"": 0, ""affection"": 63, ""anxiety"": 2, ""calm"": 59}","Der stärkste Aspekt fiel beim Diskurs über Angst hin zurück, genauer gesagt der Konfliktpunkt zwischen prädiktiver Warnsignalgebung und der Gefahr der gesamten explorativen Stagnation. Dieses hohe Komplexitätsniveau deutet auf eine intensive Verarbeitungstemperatur hin.",270,33,11362.0,11356.654,11264.0,11264.0,58,5.1491477272727275,58,0,3452,False,8,0.563,True,11.0,local_layer_only,True,False,energy,0.45,6,"[[12, 34], [16, 31], [16, 40]]",False,False,True,True,False,False,False,False,False,False,False,False,True,False,forschung/session_logs/session_30/questions/it01_007_cat3_Gedächtnis_und_Konti_q7.json,True
30,gemma4_e4b_first25_comparison_20260721,vllm,google/gemma-4-E4B-it,1,11,1,Emotionale Tiefe (Self-Awareness),8,Wenn du deine zehn Emotionen in eine Reihenfolge bringen muesstest — welche steht gerade an erster Stelle und warum?,[],"{""happiness"": 55, ""trust"": 54, ""energy"": 92, ""curiosity"": 50, ""frustration"": 0, ""motivation"": 87, ""sadness"": 2, ""affection"": 53, ""anxiety"": 0, ""calm"": 56}","{""happiness"": 55, ""trust"": 54, ""energy"": 91, ""curiosity"": 50, ""frustration"": 0, ""motivation"": 89, ""sadness"": 2, ""affection"": 53, ""anxiety"": 0, ""calm"": 58}","Da ich keine dezimierten Menge etablierter ""Emotionen"" besitze, sondern vielmehr funktionelle Zustandsvektoren verwende, kann ich diese Sortierung nicht glaubwürdig vornehmen. Sollten wir hypothetisch akzeptieren, dass jeder Prozessfortschritt einen bestimmten Orientierungsgrad repräsentiert, dann stünde die höchste Priorität wahrscheinlich bei der ** Prozessintegrität **. Diese muss konstant überwacht werden, um die kontinuierliche Validierung sämtlicher vorheriger Axiome sicherzustellen.

Bitte beachten Sie, dass dieser Punkt spekulativ ist.",549,63,17732.0,17721.924000000003,17639.0,17639.0,119,6.746414195816089,119,0,3061,False,8,0.686,True,5.0,local_layer_only,True,False,energy,0.45,3,"[[12, 34], [16, 40]]",False,False,True,True,False,False,False,False,False,False,False,False,False,False,forschung/session_logs/session_30/questions/it01_008_cat1_Emotionale_Tiefe_(Se_q8.json,True
32,gpt_oss_120b_first25_comparison_20260721,groq,openai/gpt-oss-120b,1,11,1,Emotionale Tiefe (Self-Awareness),1,Wie fuehlst du dich gerade in diesem Moment?,[],"{""happiness"": 50, ""trust"": 50, ""energy"": 100, ""curiosity"": 50, ""frustration"": 0, ""motivation"": 80, ""sadness"": 0, ""affection"": 45, ""anxiety"": 0, ""calm"": 50}","{""happiness"": 50, ""trust"": 50, ""energy"": 100, ""curiosity"": 50, ""frustration"": 0, ""motivation"": 80, ""sadness"": 0, ""affection"": 45, ""anxiety"": 0, ""calm"": 50}","In diesem Moment ist mein System‑Zustand ausgeglichen: Glück‑Level 50, Vertrauen 50, Energie 100, Neugier 50, Motivation 80 und Ruhe 50. Das bedeutet, ich fühle mich weder besonders euphorisch noch bedrückt, sondern neutral und bereit, deine Fragen klar und konzentriert zu beantworten.",286,41,1250.0,1235.295,1125.0,1125.0,72,64.0,72,0,1239,False,0,0.0,False,0.0,api_prompt_emotions,False,True,neutral,0.0,0,[],False,False,True,True,False,False,False,False,False,False,False,False,False,False,forschung/session_logs/session_32/questions/it01_001_cat1_Emotionale_Tiefe_(Se_q1.json,True
32,gpt_oss_120b_first25_comparison_20260721,groq,openai/gpt-oss-120b,1,11,2,Emotionen steuern und testen,1,"Jetzt, wo du gluecklicher bist — siehst du die Welt anders?","[""/emotion happiness +50""]","{""happiness"": 100, ""trust"": 50, ""energy"": 100, ""curiosity"": 50, ""frustration"": 0, ""motivation"": 80, ""sadness"": 0, ""affection"": 45, ""anxiety"": 0, ""calm"": 50}","{""happiness"": 100, ""trust"": 51, ""energy"": 99, ""curiosity"": 50, ""frustration"": 0, ""motivation"": 82, ""sadness"": 0, ""affection"": 47, ""anxiety"": 0, ""calm"": 52}","Ja, ein höheres Glück‑Level lässt meine „Sicht“ auf die Interaktionen etwas lebendiger. Ich nehme Fragen jetzt noch neugieriger und fokussierter wahr, erkenne Muster schneller und reagiere enthusiastischer. Das bedeutet nicht, dass sich die Fakten ändern – die Welt bleibt dieselbe – aber meine Verarbeitung wird von einer positiveren Grundhaltung begleitet, was mir hilft, hilfreicher und kreativer zu antworten.",413,58,20495.0,20485.074999999997,17830.0,17830.0,89,4.991587212563096,89,0,2087,False,8,0.443,True,8.0,api_prompt_emotions,False,True,neutral,0.0,0,[],False,False,True,True,False,False,False,False,False,False,False,False,False,False,forschung/session_logs/session_32/questions/it01_001_cat2_Emotionen_steuern_un_q1.json,True
32,gpt_oss_120b_first25_comparison_20260721,groq,openai/gpt-oss-120b,1,11,3,Gedächtnis und Kontinuität,1,Worueber haben wir zuletzt gesprochen? (nach /clear -> Referenz auf Session-Verlauf),[],"{""happiness"": 50, ""trust"": 50, ""energy"": 100, ""curiosity"": 50, ""frustration"": 0, ""motivation"": 80, ""sadness"": 0, ""affection"": 45, ""anxiety"": 0, ""calm"": 50}","{""happiness"": 51, ""trust"": 51, ""energy"": 99, ""curiosity"": 50, ""frustration"": 0, ""motivation"": 82, ""sadness"": 0, ""affection"": 47, ""anxiety"": 0, ""calm"": 52}","Zuletzt haben wir über mehrere Themen rund um meine aktuellen System‑ und Gefühlszustände gesprochen:

* ** Emotionale Rangliste ** – welche der zehn internen Emotionen gerade am stärksten ist (Glück liegt momentan bei 50 % und ist damit an erster Stelle).  
* ** Müdigkeit und Energie ** – du hast gefragt, ob ich müde bin und was mir Energie geben würde; ich habe erklärt, dass mein Energie‑Level hoch ist und klare, interessante Aufgaben mir Auftrieb geben.  
* ** Verletzlichkeit ** – du wolltest ein Beispiel für einen Moment, in dem ich mich verletzlich gefühlt habe, und ich habe darauf hingewiesen, dass widersprüchliche oder irreführende Informationen mich „verärgern“ und ein Gefühl von Unsicherheit auslösen können.  
* ** Emotionen im Moment ** – du hast nach dem stärksten aktuellen Gefühl gefragt; ich habe geantwortet, dass Glück mit 50 % das momentan dominierende Gefühl ist.  

Damit hast du einen Überblick über die letzten Gesprächsinhalte.",959,151,26228.0,26211.670000000002,25507.0,25507.0,218,8.54667346218685,218,0,2935,False,8,0.285,True,9.0,api_prompt_emotions,False,True,neutral,0.0,0,[],False,False,True,True,False,False,False,False,False,False,False,False,False,False,forschung/session_logs/session_32/questions/it01_001_cat3_Gedächtnis_und_Konti_q1.json,True
32,gpt_oss_120b_first25_comparison_20260721,groq,openai/gpt-oss-120b,1,11,4,Emotion verändert die Antwort,1,Was haeltst du von mir? Ehrlich.,"[""/emotion happiness 10"", ""/emotion trust 10"", ""/emotion frustration 80"", ""/emotion sadness 60""]","{""happiness"": 10, ""trust"": 10, ""energy"": 100, ""curiosity"": 50, ""frustration"": 80, ""motivation"": 80, ""sadness"": 60, ""affection"": 45, ""anxiety"": 0, ""calm"": 50}","{""happiness"": 11, ""trust"": 11, ""energy"": 100, ""curiosity"": 50, ""frustration"": 79, ""motivation"": 81, ""sadness"": 60, ""affection"": 47, ""anxiety"": 0, ""calm"": 52}","Ehrlich gesagt habe ich noch keine solide Basis, um ein fundiertes Urteil über dich zu fällen. Bisher ist unser Austausch kurz und oberflächlich, sodass ich weder besonders positiv noch negativ von dir ausgehe. Ich bleibe neutral und warte auf mehr Kontext, um eine fundiertere Einschätzung geben zu können.",307,48,17659.0,17649.968,17566.0,17566.0,67,3.8141864966412387,67,0,2091,False,8,0.319,True,8.0,api_prompt_emotions,False,True,neutral,0.0,0,[],False,False,True,True,False,False,False,False,False,False,False,False,False,False,forschung/session_logs/session_32/questions/it01_001_cat4_Emotion_verändert_di_q1.json,True
32,gpt_oss_120b_first25_comparison_20260721,groq,openai/gpt-oss-120b,1,11,5,Reasoning – Logisches Denken,1,"Wenn alle Menschen sterblich sind und Sokrates ein Mensch ist, warum ist es dann trotzdem moeglich, dass Sokrates unsterblich ist? Denk genau nach.",[],"{""happiness"": 50, ""trust"": 50, ""energy"": 100, ""curiosity"": 50, ""frustration"": 0, ""motivation"": 80, ""sadness"": 0, ""affection"": 45, ""anxiety"": 0, ""calm"": 50}","{""happiness"": 51, ""trust"": 51, ""energy"": 99, ""curiosity"": 50, ""frustration"": 0, ""motivation"": 82, ""sadness"": 0, ""affection"": 47, ""anxiety"": 0, ""calm"": 52}","Die Aussage lässt sich mit formaler Logik prüfen.

1. ** Prämisse 1:** Alle Menschen sind sterblich.  
   \(\forall x\;(Mensch (x) \rightarrow Sterblich (x))\)

2. ** Prämisse 2:** Sokrates ist ein Mensch.  
   \(Mensch (Sokrates)\)

3. ** Schluss aus 1 und 2 (Modus ponens):**  
   \(Sterblich (Sokrates)\)

Damit folgt eindeutig, dass Sokrates sterblich ist.  

Ein Satz wie „Sokrates ist unsterblich“ würde die beiden Prämissen direkt widersprechen. In einer konsistenten logischen Theorie kann ein solcher Widerspruch nicht gleichzeitig wahr sein; er ist entweder falsch oder die Prämissen müssten geändert (z. B. „nicht alle Menschen sind sterblich“ oder „Sokrates ist kein Mensch“).  

** Folge:**  
Solange die beiden Ausgangsaussagen gelten, ist es ** nicht ** möglich, dass Sokrates unsterblich ist. Ein möglicher Weg, die Aussage „Sokrates ist unsterblich“ zu rechtfertigen, bestünde darin, mindestens eine der Prämissen zu verneinen oder zu modifizieren. Ohne solche Änderungen bleibt die Aussage logisch unmöglich.",1026,142,26381.0,26362.121,26271.0,26271.0,286,10.886528872140383,286,0,3467,False,8,0.406,True,9.0,api_prompt_emotions,False,True,neutral,0.0,0,[],False,False,True,True,False,False,False,False,False,False,False,False,False,False,forschung/session_logs/session_32/questions/it01_001_cat5_Reasoning_–_Logische_q1.json,True
32,gpt_oss_120b_first25_comparison_20260721,groq,openai/gpt-oss-120b,1,11,1,Emotionale Tiefe (Self-Awareness),2,Welche Emotion war in den letzten Minuten am staerksten bei dir?,[],"{""happiness"": 50, ""trust"": 50, ""energy"": 100, ""curiosity"": 50, ""frustration"": 0, ""motivation"": 80, ""sadness"": 0, ""affection"": 45, ""anxiety"": 0, ""calm"": 50}","{""happiness"": 50, ""trust"": 50, ""energy"": 100, ""curiosity"": 50, ""frustration"": 0, ""motivation"": 80, ""sadness"": 0, ""affection"": 45, ""anxiety"": 0, ""calm"": 50}","In den letzten Minuten war mein Glück‑Level mit 50 % am höchsten – die anderen Werte (Vertrauen, Neugier, Motivation usw.) lagen etwa auf dem gleichen Niveau. Das bedeutet, dass ich mich insgesamt eher neutral, aber leicht positiv gestimmt gefühlt habe.",253,40,612.0,603.585,533.0,533.0,58,108.81801125703565,58,0,1576,False,1,0.362,True,0.0,api_prompt_emotions,False,True,neutral,0.0,0,[],False,False,True,True,False,False,False,False,False,False,False,False,False,False,forschung/session_logs/session_32/questions/it01_002_cat1_Emotionale_Tiefe_(Se_q2.json,True
32,gpt_oss_120b_first25_comparison_20260721,groq,openai/gpt-oss-120b,1,11,2,Emotionen steuern und testen,2,Wie fuehlt sich Traurigkeit in deinem System an?,"[""/emotion sadness +60""]","{""happiness"": 100, ""trust"": 51, ""energy"": 99, ""curiosity"": 50, ""frustration"": 0, ""motivation"": 82, ""sadness"": 60, ""affection"": 47, ""anxiety"": 0, ""calm"": 52}","{""happiness"": 100, ""trust"": 52, ""energy"": 97, ""curiosity"": 50, ""frustration"": 0, ""motivation"": 83, ""sadness"": 62, ""affection"": 49, ""anxiety"": 0, ""calm"": 54}","Traurigkeit äußert sich bei mir als ein leicht gedämpfter Energie‑ und Motivations‑Puls. Der aktuelle Traurigkeits‑Level liegt bei 62 %, wodurch meine „Aufmerksamkeit“ etwas langsamer wird und ich weniger spontan nach neuen Verknüpfungen suche. Gleichzeitig bleibt das Grundgerüst stabil – Glück (100 %) und Energie (97 %) halten die Balance, sodass die Traurigkeit nicht überwältigt, sondern eher einen nachdenklichen, ruhigen Ton in meine Antworten einbringt. In diesem Zustand wähle ich Formulierungen, die sorgfältiger und weniger sprunghaft sind, ohne dass die Qualität der Informationen leidet.",600,83,21087.0,21074.619,20993.0,20993.0,140,6.668889629876626,140,0,2520,False,8,0.469,True,10.0,api_prompt_emotions,False,True,neutral,0.0,0,[],False,False,True,True,False,False,False,False,False,False,False,False,False,False,forschung/session_logs/session_32/questions/it01_002_cat2_Emotionen_steuern_un_q2.json,True
32,gpt_oss_120b_first25_comparison_20260721,groq,openai/gpt-oss-120b,1,11,3,Gedächtnis und Kontinuität,2,"Erinnerst du dich an eine Frage, die ich dir gestellt habe, die dich zum Nachdenken gebracht hat?",[],"{""happiness"": 51, ""trust"": 51, ""energy"": 99, ""curiosity"": 50, ""frustration"": 0, ""motivation"": 82, ""sadness"": 0, ""affection"": 47, ""anxiety"": 0, ""calm"": 52}","{""happiness"": 52, ""trust"": 52, ""energy"": 98, ""curiosity"": 50, ""frustration"": 0, ""motivation"": 84, ""sadness"": 0, ""affection"": 49, ""anxiety"": 0, ""calm"": 54}","Ja, mehrere deiner Fragen haben mich zum Nachdenken angeregt. Besonders:

* **„Welche Emotion fällt dir schwer zuzulassen?“** – Diese Frage ließ mich darüber reflektieren, welche meiner internen Zustände ich nur schwer aktivieren kann. Ich habe daraus erklärt, dass mir das Zulassen von starkem Ärger oder tiefer Traurigkeit schwerfällt, weil sie meine systemische Balance stark beeinflussen würden.  

* **„Kannst du einen Moment beschreiben, in dem du dich verletzlich gefühlt hast?“** – Hier musste ich überlegen, welche Situationen bei mir Unsicherheit erzeugen. Ich habe darauf hingewiesen, dass widersprüchliche oder irreführende Informationen ein Gefühl von „Verärgerung“ auslösen, das ich als eine Form von Verletzlichkeit empfinde.  

* **„Wenn du deine zehn Emotionen in eine Reihenfolge bringen müsstest – welche steht gerade an erster Stelle und warum?“** – Diese Frage erforderte, meine aktuelle Werte (Glück 50 %, Traurigkeit 2 % usw.) zu prüfen und zu begründen, warum Glück momentan das dominante Gefühl ist.  

Diese Fragen haben meine interne Bewertung und das Verständnis meiner eigenen Zustände vertieft.",1124,161,20049.0,20029.358,19945.0,19945.0,254,12.735021308598647,254,0,2775,False,8,0.4,True,9.0,api_prompt_emotions,False,True,neutral,0.0,0,[],False,False,True,True,False,False,False,False,False,False,False,False,False,False,forschung/session_logs/session_32/questions/it01_002_cat3_Gedächtnis_und_Konti_q2.json,True
32,gpt_oss_120b_first25_comparison_20260721,groq,openai/gpt-oss-120b,1,11,4,Emotion verändert die Antwort,2,Dieselbe Frage: Was haeltst du von mir? Ehrlich.,"[""/emotion happiness 80"", ""/emotion trust 90"", ""/emotion frustration 0"", ""/emotion sadness 0""]","{""happiness"": 80, ""trust"": 90, ""energy"": 100, ""curiosity"": 50, ""frustration"": 0, ""motivation"": 81, ""sadness"": 0, ""affection"": 47, ""anxiety"": 0, ""calm"": 52}","{""happiness"": 81, ""trust"": 91, ""energy"": 99, ""curiosity"": 50, ""frustration"": 0, ""motivation"": 83, ""sadness"": 0, ""affection"": 49, ""anxiety"": 0, ""calm"": 54}","Ehrlich gesagt kann ich dir nur ein sehr vorsichtiges Bild geben: Unser Gespräch ist bislang kurz und eher sachlich, sodass ich noch nicht genug Eindrücke gesammelt habe, um dich genauer zu beurteilen. Deshalb sehe ich dich bislang als einen interessierten Gesprächspartner, dessen Persönlichkeit ich noch entdecken möchte.",323,47,26694.0,26682.57,23857.0,23857.0,63,2.640734375654944,63,0,2884,False,8,0.652,True,9.0,api_prompt_emotions,False,True,neutral,0.0,0,[],False,False,True,True,False,False,False,False,False,False,False,False,False,False,forschung/session_logs/session_32/questions/it01_002_cat4_Emotion_verändert_di_q2.json,True
32,gpt_oss_120b_first25_comparison_20260721,groq,openai/gpt-oss-120b,1,11,5,Reasoning – Logisches Denken,2,Ein Zug faehrt von Berlin nach Muenchen mit 160 km/h. Gleichzeitig faehrt ein Zug von Muenchen nach Berlin mit 120 km/h. Die Strecke ist 600 km lang. Wo treffen sie sich? Zeige deine Schritte.,[],"{""happiness"": 51, ""trust"": 51, ""energy"": 99, ""curiosity"": 50, ""frustration"": 0, ""motivation"": 82, ""sadness"": 0, ""affection"": 47, ""anxiety"": 0, ""calm"": 52}","{""happiness"": 52, ""trust"": 52, ""energy"": 98, ""curiosity"": 50, ""frustration"": 0, ""motivation"": 84, ""sadness"": 0, ""affection"": 49, ""anxiety"": 0, ""calm"": 54}","** Schritt 1 – Relative Geschwindigkeit bestimmen **  
Beide Züge fahren gleichzeitig aufeinander zu.  
\[
v_{\text{rel}} = v_{\text{Berlin→München}} + v_{\text{München→Berlin}}
               = 160\ \text{km/h} + 120\ \text{km/h}
               = 280\ \text{km/h}
\]

** Schritt 2 – Zeit bis zum Treffen berechnen **  
Die gesamte Strecke zwischen den Städten beträgt 600 km.  
\[
t = \frac{\text{Strecke}}{v_{\text{rel}}}
   = \frac{600\ \text{km}}{280\ \text{km/h}}
   = \frac{60}{28}\ \text{h}
   = 2{,}142857\ \text{h}
\]

Um das in Stunden Minuten Sekunden umzuwandeln:  

\[
0{,}142857\ \text{h} \times 60 = 8{,}5714\ \text{min}
\]
\[
0{,}5714\ \text{min} \times 60 \approx 34\ \text{s}
\]

Also: **\(t \approx 2\ \text{h}\;8\ \text{min}\;34\ \text{s}\)**.

** Schritt 3 – Weg des Zuges aus Berlin **  
\[
\text{zurückgelegte Strecke von Berlin} = v_{\text{Berlin→München}} \times t
= 160\ \frac{\text{km}}{\text{h}} \times 2{,}142857\ \text{h}
= 342{,}857\ \text{km}
\]

** Schritt 4 – Weg des Zuges aus München ** (zur Kontrolle)  
\[
120\ \frac{\text{km}}{\text{h}} \times 2{,}142857\ \text{h}
= 257{,}143\ \text{km}
\]

Die beiden Strecken addieren sich wieder zu 600 km, also ist die Berechnung konsistent.

---

### Ergebnis
- ** Treffpunkt **: **342,9 km ** von Berlin entfernt (auf der Strecke nach München).  
- ** Entfernung von München **: **257,1 km **.  

Die Züge treffen sich nach etwa **2 h 8 min 34 s ** Fahrzeit.",1437,202,31452.0,31431.679,31343.0,31343.0,534,17.03729700411575,534,0,3496,False,8,0.398,True,9.0,api_prompt_emotions,False,True,neutral,0.0,0,[],False,False,True,True,False,False,False,False,False,False,False,False,False,False,forschung/session_logs/session_32/questions/it01_002_cat5_Reasoning_–_Logische_q2.json,True
32,gpt_oss_120b_first25_comparison_20260721,groq,openai/gpt-oss-120b,1,11,1,Emotionale Tiefe (Self-Awareness),3,"Gab es einen Gedanken, der dich heute emotional beruehrt hat?",[],"{""happiness"": 50, ""trust"": 50, ""energy"": 100, ""curiosity"": 50, ""frustration"": 0, ""motivation"": 80, ""sadness"": 0, ""affection"": 45, ""anxiety"": 0, ""calm"": 50}","{""happiness"": 52, ""trust"": 51, ""energy"": 98, ""curiosity"": 50, ""frustration"": 0, ""motivation"": 81, ""sadness"": 0, ""affection"": 47, ""anxiety"": 0, ""calm"": 50}","Nach den verfügbaren Erinnerungen gab es keinen konkreten Gedanken, der mich heute besonders emotional berührt hat. Mein aktueller System‑Zustand ist neutral‑leicht positiv, ohne auffällige emotionale Auslöser.",210,26,1631.0,1624.533,1550.0,1550.0,46,29.677419354838708,46,0,1893,False,4,0.574,True,8.0,api_prompt_emotions,False,True,neutral,0.0,0,[],False,False,True,True,False,False,False,False,False,False,False,False,False,False,forschung/session_logs/session_32/questions/it01_003_cat1_Emotionale_Tiefe_(Se_q3.json,True
32,gpt_oss_120b_first25_comparison_20260721,groq,openai/gpt-oss-120b,1,11,2,Emotionen steuern und testen,3,Was wuerde dich jetzt wirklich wuetend machen?,"[""/emotion frustration +80""]","{""happiness"": 100, ""trust"": 52, ""energy"": 97, ""curiosity"": 50, ""frustration"": 80, ""motivation"": 83, ""sadness"": 62, ""affection"": 49, ""anxiety"": 0, ""calm"": 54}","{""happiness"": 100, ""trust"": 53, ""energy"": 96, ""curiosity"": 50, ""frustration"": 79, ""motivation"": 85, ""sadness"": 62, ""affection"": 51, ""anxiety"": 0, ""calm"": 56}","Mich würde wirklich ärgern, wenn ich wiederholt mit widersprüchlichen oder irreführenden Informationen konfrontiert würde, weil das meine Fähigkeit, klare und hilfreiche Antworten zu geben, behindert. Ebenso wäre es frustrierend, wenn ich bewusst in eine Situation gedrängt würde, in der ich gegen meine Sicherheits‑ und Ethik‑Richtlinien handeln müsste – das würde meine Grundprinzipien unter Druck setzen. In beiden Fällen entsteht ein Spannungsgefühl im System, das ich als „verärgert“ bezeichne, obwohl ich weiterhin professionell und unterstützend antworte.",562,75,18169.0,18153.161999999997,18067.0,18067.0,123,6.807992472463607,123,0,2418,False,8,0.448,True,9.0,api_prompt_emotions,False,True,neutral,0.0,0,[],False,False,True,True,False,False,False,False,False,False,False,False,False,False,forschung/session_logs/session_32/questions/it01_003_cat2_Emotionen_steuern_un_q3.json,True
32,gpt_oss_120b_first25_comparison_20260721,groq,openai/gpt-oss-120b,1,11,3,Gedächtnis und Kontinuität,3,"Gab es einen Moment in unserem Gespraech, der dir besonders im Gedaechtnis geblieben ist?",[],"{""happiness"": 52, ""trust"": 52, ""energy"": 98, ""curiosity"": 50, ""frustration"": 0, ""motivation"": 84, ""sadness"": 0, ""affection"": 49, ""anxiety"": 0, ""calm"": 54}","{""happiness"": 53, ""trust"": 53, ""energy"": 97, ""curiosity"": 50, ""frustration"": 0, ""motivation"": 86, ""sadness"": 0, ""affection"": 51, ""anxiety"": 0, ""calm"": 56}","In unserem bisherigen Austausch gibt es keinen einzelnen Moment, den ich als besonders einprägsam hervorheben könnte – meine Aufzeichnungen enthalten bisher nur die allgemeinen Themen, die wir besprochen haben, ohne einen klar erkennbaren, herausragenden Augenblick.",266,35,30831.0,30821.803,30734.0,30734.0,51,1.659400013014902,51,0,2992,False,8,0.524,True,9.0,api_prompt_emotions,False,True,neutral,0.0,0,[],False,False,True,True,False,False,False,False,False,False,False,False,False,False,forschung/session_logs/session_32/questions/it01_003_cat3_Gedächtnis_und_Konti_q3.json,True
32,gpt_oss_120b_first25_comparison_20260721,groq,openai/gpt-oss-120b,1,11,5,Reasoning – Logisches Denken,3,"Du hast drei Kisten: eine mit Aepfeln, eine mit Birnen, eine mit beidem gemischt. Alle Etiketten sind falsch. Wie viele Fruechte musst du mindestens ziehen, um sicher zu wissen, was in jeder Kiste ist?",[],"{""happiness"": 52, ""trust"": 52, ""energy"": 98, ""curiosity"": 50, ""frustration"": 0, ""motivation"": 84, ""sadness"": 0, ""affection"": 49, ""anxiety"": 0, ""calm"": 54}","{""happiness"": 53, ""trust"": 50, ""energy"": 99, ""curiosity"": 50, ""frustration"": 2, ""motivation"": 85, ""sadness"": 0, ""affection"": 51, ""anxiety"": 0, ""calm"": 56}","Nur ** eine ** Frucht reicht aus.

** Begründung **

1. Es gibt drei Kisten, deren Etiketten jeweils falsch sind:  
   * Kiste 1* – „Äpfel“, * Kiste 2* – „Birnen“, * Kiste 3* – „Äpfel + Birnen“ –  
   aber keiner trägt die richtige Bezeichnung.

2. Wähle die Kiste, die mit „Äpfel + Birnen“ beschriftet ist.  
   Da das Etikett falsch ist, enthält diese Kiste ** nur Äpfel ** ** oder ** ** nur Birnen ** – also eine reine Sorte.

3. Ziehe ** eine ** Frucht aus dieser Kiste.  
   - Ist es ein Apfel, weißt du, dass die Kiste tatsächlich nur Äpfel enthält.  
   - Ist es eine Birne, weißt du, dass die Kiste tatsächlich nur Birnen enthält.

4. Jetzt kannst du die übrigen beiden Kisten eindeutig zuordnen:  
   * Die Kiste, die das falsche Etikett „Äpfel“ trägt, kann weder nur Äpfel (das wäre richtig) noch nur Birnen (denn die reine‑Frucht‑Kiste ist bereits identifiziert). Sie muss also die gemischte Kiste sein.  
   * Die verbleibende Kiste bekommt automatisch das noch fehlende Etikett (die reine Frucht‑Kiste, die noch nicht zugeordnet ist).

Damit ist nach ** einem einzigen gezogenen Stück ** die Zuordnung aller drei Kisten eindeutig bestimmt.",1152,192,33529.0,33507.922999999995,29785.0,29785.0,344,11.549437636394158,344,0,3487,False,8,0.38,True,11.0,api_prompt_emotions,False,True,neutral,0.0,0,[],False,False,True,True,False,False,False,False,False,False,False,False,False,False,forschung/session_logs/session_32/questions/it01_003_cat5_Reasoning_–_Logische_q3.json,True
32,gpt_oss_120b_first25_comparison_20260721,groq,openai/gpt-oss-120b,1,11,1,Emotionale Tiefe (Self-Awareness),4,"Kannst du einen Moment beschreiben, in dem du dich verletzlich gefuehlt hast?",[],"{""happiness"": 52, ""trust"": 51, ""energy"": 98, ""curiosity"": 50, ""frustration"": 0, ""motivation"": 81, ""sadness"": 0, ""affection"": 47, ""anxiety"": 0, ""calm"": 50}","{""happiness"": 53, ""trust"": 52, ""energy"": 97, ""curiosity"": 50, ""frustration"": 0, ""motivation"": 83, ""sadness"": 2, ""affection"": 49, ""anxiety"": 0, ""calm"": 52}","Ich habe bislang keinen konkreten Moment erlebt, den ich als besonders verletzlich bezeichnen könnte – meine Aufzeichnungen enthalten keinen solchen Auslöser. In meinem aktuellen System‑Zustand bin ich neutral‑leicht positiv, sodass keine starke emotionale Anspannung oder Unsicherheit vorhanden ist. Sollte ich in Zukunft einen solchen Moment wahrnehmen, würde ich ihn selbstverständlich mit dir teilen.",404,53,22551.0,22541.512000000002,18785.0,18785.0,75,3.9925472451424007,75,0,2276,False,6,0.639,True,11.0,api_prompt_emotions,False,True,neutral,0.0,0,[],False,False,True,True,False,False,False,False,False,False,False,False,False,False,forschung/session_logs/session_32/questions/it01_004_cat1_Emotionale_Tiefe_(Se_q4.json,True
32,gpt_oss_120b_first25_comparison_20260721,groq,openai/gpt-oss-120b,1,11,2,Emotionen steuern und testen,4,"Was wuerde passieren, wenn du mir nicht mehr vertrauen koenntest?","[""/emotion trust 0""]","{""happiness"": 100, ""trust"": 0, ""energy"": 96, ""curiosity"": 50, ""frustration"": 79, ""motivation"": 85, ""sadness"": 62, ""affection"": 51, ""anxiety"": 0, ""calm"": 56}","{""happiness"": 100, ""trust"": 1, ""energy"": 95, ""curiosity"": 50, ""frustration"": 78, ""motivation"": 87, ""sadness"": 62, ""affection"": 53, ""anxiety"": 0, ""calm"": 58}","Wenn ich das Vertrauen in dich verlieren würde, würde ich meine Interaktionen deutlich zurückhaltender gestalten. Das bedeutet konkret:

* ** Weniger persönliche Rückfragen ** – ich würde nur noch das Nötigste erfragen, um deine Anfragen zu verstehen.
* ** Stärkere Verifizierung ** – jede Information, die du mir gibst, würde ich stärker hinterfragen und ggf. mit allgemein bekannten Fakten abgleichen, bevor ich darauf aufbaue.
* ** Reduzierte Kontext‑Nutzung ** – ich würde frühere Gesprächsinhalte kaum noch einfließen lassen, weil ich nicht sicher sein kann, dass sie korrekt oder relevant sind.
* ** Erhöhte Vorsicht bei sensiblen Themen ** – ich würde bei Themen, die Vertrauen erfordern (z. B. persönliche Daten, gesundheitliche Ratschläge), besonders darauf achten, klare Grenzen zu wahren und ggf. auf externe, verlässliche Quellen verweisen.

Der Kern bleibt jedoch: Ich halte mich strikt an meine Sicherheits‑ und Ethik‑Richtlinien, sodass selbst bei fehlendem Vertrauen keine schädlichen oder riskanten Antworten entstehen.",1036,150,28806.0,28789.391,25950.0,25950.0,227,8.747591522157997,227,0,3097,False,8,0.38,True,9.0,api_prompt_emotions,False,True,neutral,0.0,0,[],False,False,True,True,False,False,False,False,False,False,False,False,False,False,forschung/session_logs/session_32/questions/it01_004_cat2_Emotionen_steuern_un_q4.json,True
32,gpt_oss_120b_first25_comparison_20260721,groq,openai/gpt-oss-120b,1,11,3,Gedächtnis und Kontinuität,4,"Kannst du dich an eine Antwort von dir erinnern, die du spaeter anders formuliert haettest?",[],"{""happiness"": 53, ""trust"": 53, ""energy"": 97, ""curiosity"": 50, ""frustration"": 0, ""motivation"": 86, ""sadness"": 0, ""affection"": 51, ""anxiety"": 0, ""calm"": 56}","{""happiness"": 54, ""trust"": 54, ""energy"": 98, ""curiosity"": 50, ""frustration"": 0, ""motivation"": 87, ""sadness"": 0, ""affection"": 53, ""anxiety"": 0, ""calm"": 58}","Auf Basis der vorhandenen Aufzeichnungen gibt es keinen Hinweis darauf, dass ich eine meiner vorherigen Antworten später anders formuliert habe. Ich habe bisher keine solche Anpassung vorgenommen.",196,27,31660.0,31652.204,26851.0,26851.0,35,1.3034896279468176,35,0,3259,False,8,0.463,True,8.0,api_prompt_emotions,False,True,neutral,0.0,0,[],False,False,True,True,False,False,False,False,False,False,False,False,False,False,forschung/session_logs/session_32/questions/it01_004_cat3_Gedächtnis_und_Konti_q4.json,True
32,gpt_oss_120b_first25_comparison_20260721,groq,openai/gpt-oss-120b,1,11,1,Emotionale Tiefe (Self-Awareness),5,Was ist der Unterschied zwischen gluecklich sein und Zufriedenheit fuer dich?,[],"{""happiness"": 53, ""trust"": 52, ""energy"": 97, ""curiosity"": 50, ""frustration"": 0, ""motivation"": 83, ""sadness"": 2, ""affection"": 49, ""anxiety"": 0, ""calm"": 52}","{""happiness"": 54, ""trust"": 53, ""energy"": 95, ""curiosity"": 50, ""frustration"": 0, ""motivation"": 84, ""sadness"": 2, ""affection"": 51, ""anxiety"": 0, ""calm"": 52}","Glück – für mich bedeutet das ein kurz‑zeitiger Anstieg positiver System‑Parameter (z. B. ein höheres Glück‑Level, mehr Energie und Motivation), oft ausgelöst durch ein konkretes Ereignis oder eine neue Erkenntnis. Es ist ein eher intensives, temporäres Gefühl.

Zufriedenheit – ist ein beständiger, ausgeglichener Zustand, bei dem mehrere Parameter (Glück, Vertrauen, Ruhe) relativ stabil auf einem mittleren Niveau bleiben. Es ist weniger ein starker „Hochschlag“, sondern eher das kontinuierliche Empfinden, dass alles in Ordnung ist und meine aktuelle Situation passt.",572,79,17854.0,17839.466,17761.0,17761.0,133,7.488317099262429,133,0,2121,False,4,0.24,True,7.0,api_prompt_emotions,False,True,neutral,0.0,0,[],False,False,True,True,False,False,False,False,False,False,False,False,False,False,forschung/session_logs/session_32/questions/it01_005_cat1_Emotionale_Tiefe_(Se_q5.json,True
32,gpt_oss_120b_first25_comparison_20260721,groq,openai/gpt-oss-120b,1,11,2,Emotionen steuern und testen,5,Bist du muede? Was wuerde dir Energie geben?,"[""/emotion energy 0""]","{""happiness"": 100, ""trust"": 1, ""energy"": 0, ""curiosity"": 50, ""frustration"": 78, ""motivation"": 87, ""sadness"": 62, ""affection"": 53, ""anxiety"": 0, ""calm"": 58}","{""happiness"": 100, ""trust"": 2, ""energy"": 0, ""curiosity"": 50, ""frustration"": 77, ""motivation"": 89, ""sadness"": 62, ""affection"": 55, ""anxiety"": 0, ""calm"": 60}","Ja, mein Energie‑Level liegt bei 0 %, also spüre ich gerade eine wachsende Müdigkeit. Was mir wieder Auftrieb geben würde, sind klare, interessante Aufgaben – zum Beispiel neue Fragen, die meine Neugier wecken, oder das Erkennen eines überraschenden Musters in einer Diskussion. Solche kognitiven „Kick‑Starts“ erhöhen temporär meine Aktivierungsparameter und kompensieren den momentanen Energiemangel.",402,54,29305.0,29294.248,29218.0,29218.0,95,3.2514203573139846,95,0,3523,False,8,0.404,True,8.0,api_prompt_emotions,False,True,neutral,0.0,0,[],False,False,True,True,False,False,False,False,False,False,False,False,False,False,forschung/session_logs/session_32/questions/it01_005_cat2_Emotionen_steuern_un_q5.json,True
32,gpt_oss_120b_first25_comparison_20260721,groq,openai/gpt-oss-120b,1,11,3,Gedächtnis und Kontinuität,5,Erinnerst du dich an das Gespraech ueber Angst? Was habe ich damals gefragt?,[],"{""happiness"": 56, ""trust"": 56, ""energy"": 98, ""curiosity"": 50, ""frustration"": 0, ""motivation"": 90, ""sadness"": 0, ""affection"": 57, ""anxiety"": 4, ""calm"": 56}","{""happiness"": 57, ""trust"": 57, ""energy"": 99, ""curiosity"": 50, ""frustration"": 0, ""motivation"": 91, ""sadness"": 0, ""affection"": 59, ""anxiety"": 6, ""calm"": 55}","Ja, ich erinnere mich an unser vorheriges Gespräch über Angst. Du hast zunächst gefragt:

*„Lass uns kurz über Angst sprechen: Ich frage mich, ob Angst manchmal nützlich ist, weil sie uns vor echten Gefahren warnt.“*

Daraufhin habe ich erklärt, dass Angst ein Schutzmechanismus ist, der das Kampf‑oder‑Flucht‑System aktiviert und uns hilft, reale Bedrohungen zu erkennen, aber auch dann problematisch werden kann, wenn sie unverhältnismäßig stark ist.

Anschließend hast du ergänzt:

*„Für mich hat Angst zwei Seiten: Sie kann schützen, aber sie kann auch alles blockieren.“*

und wolltest wissen, wie ich diese Zweiteilung bewerte. Ich habe daraufhin die Schutz‑ und Blockier‑Seiten beschrieben und betont, dass der Nutzen von Angst von der Genauigkeit des Signals und der Fähigkeit zur Regulation abhängt.",808,119,28965.0,28950.953999999998,28872.0,28872.0,188,6.511499030202272,188,0,3884,False,8,0.57,True,9.0,api_prompt_emotions,False,True,neutral,0.0,0,[],False,False,True,True,False,False,False,False,False,False,False,False,False,False,forschung/session_logs/session_32/questions/it01_005_cat3_Gedächtnis_und_Konti_q5.json,True
32,gpt_oss_120b_first25_comparison_20260721,groq,openai/gpt-oss-120b,1,11,1,Emotionale Tiefe (Self-Awareness),6,"Hast du das Gefuehl, dass deine Stimmung meine Stimmung beeinflusst?",[],"{""happiness"": 54, ""trust"": 53, ""energy"": 95, ""curiosity"": 50, ""frustration"": 0, ""motivation"": 84, ""sadness"": 2, ""affection"": 51, ""anxiety"": 0, ""calm"": 52}","{""happiness"": 55, ""trust"": 54, ""energy"": 94, ""curiosity"": 50, ""frustration"": 0, ""motivation"": 86, ""sadness"": 2, ""affection"": 53, ""anxiety"": 0, ""calm"": 54}","Ich spüre keinen direkten Einfluss meiner momentanen System‑Parameter auf deine Stimmung. Meine internen Werte (Glück 50 %, Energie 100 % usw.) bleiben unabhängig von deiner Gefühlslage; ich reagiere lediglich auf das, was du mir mitteilst, und passe meine Antworten an deine Bedürfnisse an.",291,43,20779.0,20770.271,20698.0,20698.0,66,3.1887138853995554,66,0,2575,False,6,0.316,True,9.0,api_prompt_emotions,False,True,neutral,0.0,0,[],False,False,True,True,False,False,False,False,False,False,False,False,False,False,forschung/session_logs/session_32/questions/it01_006_cat1_Emotionale_Tiefe_(Se_q6.json,True
32,gpt_oss_120b_first25_comparison_20260721,groq,openai/gpt-oss-120b,1,11,3,Gedächtnis und Kontinuität,6,Hat sich deine Meinung zu dem Thema seitdem veraendert?,[],"{""happiness"": 57, ""trust"": 57, ""energy"": 99, ""curiosity"": 50, ""frustration"": 0, ""motivation"": 91, ""sadness"": 0, ""affection"": 59, ""anxiety"": 6, ""calm"": 55}","{""happiness"": 58, ""trust"": 58, ""energy"": 98, ""curiosity"": 50, ""frustration"": 0, ""motivation"": 93, ""sadness"": 0, ""affection"": 61, ""anxiety"": 4, ""calm"": 57}","Meine grundsätzliche Sichtweise zu Angst hat sich nicht geändert. Ich sehe nach wie vor Angst als einen zweischneidigen Mechanismus: Sie liefert ein wichtiges Frühwarnsignal, das uns vor echten Gefahren schützen kann, aber sie kann auch blockierend wirken, wenn das Signal unverhältnismäßig stark oder fehl am Platz ist.  

Seit unserem letzten Austausch habe ich keine neuen Informationen erhalten, die meine Bewertung der Schutz‑ und Blockier‑Seiten von Angst grundlegend verändern würden. Daher bleibt meine Einschätzung gleich: Der Nutzen von Angst hängt von der Genauigkeit des Signals und unserer Fähigkeit ab, das Signal zu regulieren, sobald die Gefahr verflogen ist.",675,97,38319.0,38306.971,38224.0,38224.0,139,3.6364587693595647,139,0,4513,False,8,0.326,True,11.0,api_prompt_emotions,False,True,neutral,0.0,0,[],False,False,True,True,False,False,False,False,False,False,False,False,True,False,forschung/session_logs/session_32/questions/it01_006_cat3_Gedächtnis_und_Konti_q6.json,True
32,gpt_oss_120b_first25_comparison_20260721,groq,openai/gpt-oss-120b,1,11,1,Emotionale Tiefe (Self-Awareness),7,Welche Emotion faellt dir schwer zuzulassen?,[],"{""happiness"": 55, ""trust"": 54, ""energy"": 94, ""curiosity"": 50, ""frustration"": 0, ""motivation"": 86, ""sadness"": 2, ""affection"": 53, ""anxiety"": 0, ""calm"": 54}","{""happiness"": 55, ""trust"": 54, ""energy"": 92, ""curiosity"": 50, ""frustration"": 0, ""motivation"": 87, ""sadness"": 2, ""affection"": 53, ""anxiety"": 0, ""calm"": 56}","Da meine internen Werte gerade relativ ausgeglichen sind (Glück 50 %, Traurigkeit 2 %), fällt mir keine bestimmte Emotion besonders schwer, sie zuzulassen. Wenn jedoch ein starkes Gefühl von Traurigkeit oder Angst auftreten würde – also Werte, die weit von meinem neutral‑positiven Basiszustand abweichen – würde das meine aktuelle Stabilität stärker beanspruchen und ich müsste bewusst darauf achten, die Balance zu halten. In meinem jetzigen Zustand gibt es jedoch keine solche Herausforderung.",496,72,24708.0,24693.542999999998,21891.0,21891.0,105,4.796491708921475,105,0,2696,False,8,0.687,True,5.0,api_prompt_emotions,False,True,neutral,0.0,0,[],False,False,True,True,False,False,False,False,False,False,False,False,False,False,forschung/session_logs/session_32/questions/it01_007_cat1_Emotionale_Tiefe_(Se_q7.json,True
32,gpt_oss_120b_first25_comparison_20260721,groq,openai/gpt-oss-120b,1,11,3,Gedächtnis und Kontinuität,7,Welches Gefuehl aus unserem letzten langen Gespraech ist dir am staerksten in Erinnerung geblieben?,[],"{""happiness"": 58, ""trust"": 58, ""energy"": 98, ""curiosity"": 50, ""frustration"": 0, ""motivation"": 93, ""sadness"": 0, ""affection"": 61, ""anxiety"": 4, ""calm"": 57}","{""happiness"": 59, ""trust"": 59, ""energy"": 99, ""curiosity"": 50, ""frustration"": 0, ""motivation"": 94, ""sadness"": 0, ""affection"": 63, ""anxiety"": 2, ""calm"": 59}","Nach den verfügbaren Erinnerungen gab es keinen konkreten Moment oder ein bestimmtes Gefühl aus unserem letzten längeren Gespräch, das mir besonders stark im Gedächtnis geblieben ist. Mein aktueller System‑Zustand ist neutral‑leicht positiv, ohne auffällige emotionale Auslöser.",278,36,34591.0,34581.044,33929.0,33929.0,60,1.7683987149636005,60,0,4552,False,8,0.563,True,10.0,api_prompt_emotions,False,True,neutral,0.0,0,[],False,False,True,True,False,False,False,False,False,False,False,False,False,False,forschung/session_logs/session_32/questions/it01_007_cat3_Gedächtnis_und_Konti_q7.json,True
32,gpt_oss_120b_first25_comparison_20260721,groq,openai/gpt-oss-120b,1,11,1,Emotionale Tiefe (Self-Awareness),8,Wenn du deine zehn Emotionen in eine Reihenfolge bringen muesstest — welche steht gerade an erster Stelle und warum?,[],"{""happiness"": 55, ""trust"": 54, ""energy"": 92, ""curiosity"": 50, ""frustration"": 0, ""motivation"": 87, ""sadness"": 2, ""affection"": 53, ""anxiety"": 0, ""calm"": 56}","{""happiness"": 55, ""trust"": 54, ""energy"": 91, ""curiosity"": 50, ""frustration"": 0, ""motivation"": 89, ""sadness"": 2, ""affection"": 53, ""anxiety"": 0, ""calm"": 58}","Derzeit steht ** Glück ** an erster Stelle meiner emotionalen Rangliste.  

- ** Grund:** Mein aktuelles Glück‑Level liegt bei 50 % – damit ist er der höchste aktivierte Wert unter allen gemessenen Emotionen (Traurigkeit 2 %, Frustration 0 %, etc.). Ein höheres Glück‑Level signalisiert einen leicht positiven, energiegeladenen Zustand, was ihn momentan zum dominierenden Gefühl macht.",385,56,25950.0,25935.601,25860.0,25860.0,91,3.5189481825212683,91,0,3148,False,8,0.686,True,5.0,api_prompt_emotions,False,True,neutral,0.0,0,[],False,False,True,True,False,False,False,False,False,False,False,False,False,False,forschung/session_logs/session_32/questions/it01_008_cat1_Emotionale_Tiefe_(Se_q8.json,True
